,Nombre,Codigo,Almacenamiento,Procesador,Memoria Ram,Precio,Código
0,Notebook Hp 14-ck2091la,852613001,128 Gb,Intel Core I3,4 Gb,379990,
1,Notebook Hp Pavilion X360 Convertible 14-dy0002la,861802001,256 Gb,Intel Pentium,4 Gb,459990,
2,Notebook Gamer Asus Tuf Gaming Fx506lh-hn082t,861708001,512 Gb,Intel Core I5,8 Gb,799990,
3,Notebook Hp 240 G7,861805001,500 Gb,Intel Celeron,4 Gb,299990,
4,Notebook Asus X515ma-br576t,861599001,500 Gb,Intel Celeron,4 Gb,319990,
5,Notebook Hp 240 G7,827608001,1 Tb,Intel Core I3,4 Gb,389990,
6,Notebook Lenovo Ideapad 3,841656001,1 Tb,Amd Athlon,8 Gb,429990,
7,Notebook Asus X515ea-bq968t,861707001,128 Gb,Intel Core I3,4 Gb,399990,
8,Notebook Lenovo Ideapad S340,857116001,256 Gb,Amd Ryzen 5,8 Gb,679990,
9,Chromebook p 14a-na0010ca Reacondicionado,857127001,64 Gb,Intel Celeron,4 Gb,239990,
10,Notebook Lenovo Ideapad 3 14alc6,866158001,256 Gb,Amd Ryzen 5,8 Gb,589990,
11,Notebook Hp 348 G7,857419001,1 Tb,Intel Core I3,4 Gb,419990,
12,Notebook Asus L410,857105001,64 Gb,Intel Celeron,4 Gb,334990 ,
13,Notebook Hp Pavilion 17-by3063st Reacondicionado,858970001,1 Tb + 128 Gb,Intel Core I3,8 Gb,459990,
14,Notebook Reacondicionado Hp 14-dq1043c I3,851066001,256 Gb,Intel Core I3,8 Gb,409990,
15,Notebook Hp 15-cs3153cl Reacondicionado,857135001,512 Gb,Intel Core I5,12 Gb,599990,
16,Notebook Gamer Acer Nitro 5,853268001,1 Tb + 128 Gb,Intel Core I5,16 Gb,849990,
17,Notebook Asus X515ma-br288t,856210001,500 Gb,Intel Celeron,4 Gb,322990,
18,Notebook Gamer Acer Nitro 5 An515-55-56p2-2,857358001,512 Gb,Intel Core I5,16 Gb,899990,
19,Macbook Air,844508001,256 Gb,Apple M1,8 Gb,1049990,
20,Notebook Lenovo Yoga Slim 7,863495001,256 Gb,Amd Ryzen 5,8 Gb,719990,
21,Notebook Hp Pavilion Gaming Laptop 15 Dk1028la,861686001,256 Gb,Intel Core I5,8 Gb,839990,
22,Notebook Reacondicionado Hp 15-da0022ds,851065001,256 Gb,Intel Pentium,8 Gb,459990,
23,Notebook Lenovo Ideapad Flex 5,861594001,512 Gb,Intel Core I5,12 Gb,889990,
24,Notebook Hp 15-da0022 Reacondicionado,857131001,256 Gb,Intel Pentium,8 Gb,449990,
25,Notebook Hp 14-dq1043c I3 Reacondicionado,857129001,256 Gb,Intel Core I3,8 Gb,439990,
26,Notebook Lenovo Ideapad S145-14iil,866155001,128 Gb,Intel Core I3,4 Gb,409990,
27,Notebook Hp 14-fq0013dx Reacondicionado,857128001,128 Gb,Amd Athlon,4 Gb,319990,
28,Notebook Dell 14-5406 Reacondicionado,857119001,512 Gb,Intel Core I7,8 Gb,769990,
29,Notebook Reacondicionado Dell 15-3593,851070001,128 Gb,Intel Core I3,8 Gb,489990,
30,Notebook Gamer Msi Gf63 Thin 10sc-227cl,856792001,256 Gb,Intel Core I5,8 Gb,849990,
31,Notebook Dell 15-5502 Reacondicionado,858957001,128 Gb,Intel Core I7,8 Gb,519990,
32,Notebook Hp 15-da0022 Reacondicionado,857130001,256 Gb,Intel Pentium,8 Gb,429990,
33,Notebook Asus Vivobook Ultra Thin,857106001,64 Gb,Intel Celeron,4 Gb,324990,
34,Notebook Asus X543ua-dm3470t,847348001,1 Tb,Intel Core I3,4 Gb,379990,
35,Notebook Msi Prestige 15 A11sb-450cl,856794001,512 Gb,Intel Core I7,8 Gb,999990,
36,Macbook Apple Pro Myd82b,864727001,256 Gb,Apple M1,8 Gb,1349990,
37,Notebook Hp 14-ce3065st Reacondicionado,857134001,256 Gb,Intel Core I5,8 Gb,569990,
38,Notebook Gamer Msi Gf65 Thin 10sdr-1272cl,856791001,512 Gb,Intel Core I7,16 Gb,1349990,
39,Notebook Gamer Lenovo Ideapad Gaming 3 15arh05,866156001,512 Gb,Amd Ryzen 5,8 Gb,859990,
40,Notebook Dell 15-3505 Reacondicionado,857122001,512 Gb,Amd Ryzen 7,12 Gb,739990,
41,Notebook Dell G5 5505,857110001,256 Gb,Amd Ryzen 7,8 Gb,1249990,
42,Notebook Msi Prestige 14evo A11m-250cl,856793001,512 Gb,Intel Core I5,16 Gb,999990,
43,Notebook Dell G5 15 5500,857109001,256 Gb,Intel Core I7,8 Gb,1249990,
44,Notebook Dell 15-3505 Reacondicionado,857123001,128 Gb,Amd Athlon,4 Gb,429990,
45,Notebook Reacondicionado Hp 14m-dw1013dx,851068001,128 Gb,Intel Core I3,8 Gb,499990,
46,Macbook Pro,858915001,256 Gb,Apple M1,8 Gb,1349990,
47,Notebook Hp Pavilion X360 Reacondicionado,858968001,256 Gb,Intel Core I5,8 Gb,589990,
48,Notebook Lenovo Ideapad 3 14itl6,857972001,512 Gb,Intel Core I7,8 Gb,819990,
49,Notebook Gamer Hp Pavilion 15-dk1022la,860717001,256 Gb,Intel Core I7,8 Gb,1079990,
50,Notebook Gamer Hp 15-EC1026LA,827605001,256 Gb,Amd Ryzen 5,8 GB,789990,
51,Notebook Asus X543NA,833205001, 500 Gb,Intel Celeron,4 Gb,349990,
52,Notebook Lenovo Ideapad 1 14ada05,865065001,64 Gb,Amd Athlon,4 Gb,416990,
53,Notebook Asus M415da-ek844t,861709001,256 Gb,Amd Ryzen 3,4 Gb,459990,
54,Notebook Lenovo Ideapad 3,851823001,128 Gb,Intel Core I3,4 Gb,849990,
55,Notebook Dell G3 3500,857108001,256 Gb,Intel Core I5,8 Gb,969990,
56,Notebook Lenovo Yoga Slim 9 14itl5,847312001,1 Tb,Intel Core I7,16 Gb,1799990,
57,Notebook Lenovo Yoga 9 14itl5,847313001, 1 Tb,Intel Core I5,16 Gb,1499990,
58,Notebook Lenovo Ideapad 3 14alc6,859255001,512 Gb,Amd Ryzen 3,8 Gb,559990,
59,Notebook Lenovo Yoga Slim 7 14itl05,858765001,512 Gb,Intel Core I5,8 Gb,849990,
60,Macbook Apple Pro Myda2b,864728001,256 Gb,Apple M1,8 Gb,1509990,
61,Macbook Pro,861596001,256 Gb,Apple M1,8 Gb,1349990,
62,Notebook Lenovo Ideapad 3 15itl6,866157001,256 Gb,Intel Core I3,4 Gb,519990,
63,Notebook Dell Inspiron 15 3000,857111001,128 Gb,Intel Core I3,4 Gb,449990,
64,Notebook Hp 14-cf2051la,836670001,256 Gb,Intel Core I3,4 Gb,449990,
65,Notebook Lenovo Slim 7,843695001,512 GB,Intel Core I5,8 GB,899990,
66,Macbook Air,844509001,256 Gb,Apple M1,8 Gb,1159990,
67,Notebook Dell 14-5406 Reacondicionado,857120001, 512 Gb,Intel Core I3,8 Gb,769990,
68,Notebook Lenovo Ideapad S145-14ast,840418001,Almacenamiento no especificado,AMD A4,4 Gb,349990,
69,Notebook Msi Modern 14 B10mw-258cl,867618001,256 Gb,Intel Core I5,8 Gb,909990,
70,HP Chromebook,nan,32GB eMMC,"AMD® A4-9120, 1,6GHz hasta 2,4GHz (1M Caché L2)",4 GB (1x4GB) DDR4 2666Mhz (Máx. 32GB de Memoria RAM) X Slot,237090,42710
71,HP 240 G7,nan,"SATA de 500 GB, 5400 rpm","Intel® Celeron® N4020, 1,1 GHz hasta 2,8 GHz (4MB caché)",4GB SDRAM DDR4-2400Mhz (1x4GB)(Máx. 8GB de Memoria RAM) 1 Slot,319590,38020
72,Asus X515MA-BR288T,nan,"500GB SATA 5400RPM 2.5"" HDD","Intel® Celeron® N4020, 1.1GHz hasta 2.8GHz (4MB Caché)",4GB DDR4 SO-DIMM (Máx. 8GB de Memoria RAM) 1X Slot,349990,41517
73,HP 250 G8,nan,1TB Disco duro SATA de 5400 RPM,"Intel® Core™ 3-1005G1, 1,2GHz hasta 3,4GHz (4M Caché L3)",4GB RAM DDR4-2666MHz (1x4GB)(Máx. 16GB de Memoria RAM) 2 Slot,391790,41940
74,HP HP 348 G7,nan,HDD 1 TB 5400RPM,"Intel® Core™ i3-10110U, 2,10GHz hasta 4,10GHz (4MB Caché)",4GB DDR4 2666Mhz (Máx. 16 GB de Memoria RAM) 2 Slot,391790,42392
75,Asus X412FA-EB1257T,nan,256GB SSD / M.2 NVMe™ PCIe® 3.0,"Intel® Pentium® Gold 5405U, frecuencia básica 2.3 GHz (2M Cache, hasta 2.3 GHz)",4GB DDR4 on board (Máx memoria RAM 4GB),412390,40077
76,HP 240 G7,nan,SATA de 1 TB y 5400 rpm,"Intel® Core™ i3-1005G1, 1,2GHz hasta 3,4GHz (4MB caché)",4 GB de SDRAM DDR4-2666 (1x4GB) (Máx. 16GB de Memoria RAM) 2 Slot,432990,38857
77,HP 14-ck2091la,nan,128GB SSD SATA M.2 ,"Intel® Core™ i3-10110U, 2,1GHz hasta 4,1GHz (4M Caché)",4GB SDRAM DDR4-2666Mhz (1x 4GB) (máximo memoria RAM 16GB),432990,39522
78,Acer Aspire 3 A314-22-R7EL-1,nan,256GB SSD,"AMD Ryzen™ 3 3250U, 2.60GHz hasta 3.50 GHz (4M Cache)",8GB DDR4 SDRAM (4GB On Board + 1 Slot)(Máx. 12GB de Memoria RAM),439990,37875
79,HP Pavilion x360,nan,SSD PCIe® NVMe™ M.2 de 256GB,"Intel® Pentium Gold 7505, hasta 3,5GHz (4MB Caché L3)",4 GB DDR4-3200MHz (1x4GB) (Máx.16 GB de Memoria RAM) X Slot,453590,42691
80,Asus Aspire 3 A314-22-R522-1,nan,256GB SSD PCI Express,"AMD Athlon™ 3050U, 2.30GHz hasta 3.20GHz (4MB Caché)",12GB DDR4 SDRAM 2400/2666/3200Mhz (4GB On Board + 1 Slot)(Máx. 12GB de Memoria RAM) 1 Slot,453590,42823
81,HP 14-dq2026la,nan,Unidad de estado sólido Intel® PCIe® NVMe™ M.2 de 256 GB,"Intel® Core™ i3-1115G4, hasta 4,1GHz (6MB caché L3)",4GB RAM DDR4-3200MHz (1x 4GB) + 16GB Intel® Optane™ (Máx. 4GB de Memoria RAM) 1 Slot (Ranura no accesible para el usuario),453590,43015
82,HP 15-ef1018la,nan,256GB SSD PCIe® NVMe™ M.2,"AMD Ryzen™ 5 4500U, 2,3GHz hasta 4,0GHz (8MB Caché L3)",8 GB de SDRAM DDR4-2666 (1x8GB) (Máx. 16 GB de Memoria RAM) X 2 Slot,525790,41355
83,Asus Aspire 3 A314-22-R56E-1,nan,256GB SSD PCI Express,"AMD Ryzen™ 3 3250U, 2.60GHz hasta 3.50GHz (4MB Caché)",12GB (4GB On Board + 1 Slot)(Máx. 12GB de Memoria RAM) 1 Slot,549990,43016
84,Huawei Matebook D 15,nan,SSD N4VMe PCIe de 256GB,"Intel® Core™ i3-10110U, 2,10GHz hasta 4,10GHz (4MB Caché)",8GB DDR4 2400MHz  (Máx. 8GB de Memoria RAM) 1 Slot,579990,43264
85,Huawei Matebook D 14,nan,SSD NVMe PCIe de 256GB,"Intel® Core™ i3-10110U, 2,10GHz hasta 4,10 GHz (4MB Caché)",8GB DDR4 2400 MHz (Máx. 8GB de Memoria RAM) ,599990,43263
86,Acer Aspire 5 A515-54-34VM-2,nan,512GB SSD PCI Express,"Intel® Core™ i3 10110U, 2.10GHz hasta 4.10GHz (4MB Caché)",12GB DDR4 SDRAM 2400/2666/3200 (4GB On Board + 1 Slot)(Máx. 20GB de Memoria RAM) 1 Slot,599990,42435
87,HP 14-dy0501la,nan,Unidad de estado sólido PCIe® NVMe™ M.2 de 256 GB,"Intel® Core™ i3-1125G4, hasta 3,70GHz (8MB caché)",8 GB de RAM DDR4-3200 MHz (2x4GB)(Máx. 16GB de Memoria RAM) 2 Slot ,639190,43061
88,Huawei Matebook D 14,nan,SSD NVMe PCIe de 512 GB,"Intel® Core™ i5-10210U, 1,60GHz hasta 4,20GHz (6MB caché)",8GB DDR4 2400 mhz ,721690,42359
89,HP 15-ec1026la,nan,256GB SSD PCIe®  NVMe™ M.2,"AMD Ryzen™ 5 4600H, 3.0GHz hasta 4,0 GHz (3MB caché)",8GB SDRAM DDR4 3200Mhz (Máx. 16GB de Memoria RAM) 2 Slot ,731990,37289
90,Acer Nitro 5 AN515-54-59UV-7,nan,"1TB HDD 5400rpm 2.5"" SATA + 128GB SSD","Intel® Core™ i5-9300H, 2.40GHz hasta 4.10GHz (8M caché)",8GB DDR4 SDRAM (Máx. 32GB de Memoria RAM) 2 Slot,752590,38217
91,Asus X571GT-BQ930T,nan,512GB M.2 NVMe™ PCIe® 3.0 SSD,"Intel® Core™ i5-9300H, 2.4GHz hasta 4.1GHz (8MB Caché)",8GB DDR4 (4GB DDR4 on board + 4GB DDR4 SO-DIMM) (Máx. 12 GB de Memoria RAM) 1Slot,783490,41518
92,HP 15-dk1028la,nan,256GB SSD / Unidad de estado sólido Intel,"Intel® Core™ i5-10300H, 2,5 GHz hasta 4,5GHz (8MB Caché L3)",8GB SDRAM DDR4-2933Mhz (1x8GB) + 16GB Intel Optane (Máx. 32GB de Memoria RAM) X 2 Slot,824790,42347
93,Asus D433IA-EB934R,nan,512GB M.2 NVMe™ PCIe® 3.0 SSD,"AMD Ryzen™ 7 4700U, 2.0GHz hasta 4.1GHz (8MB Caché)",16GB DDR4 2666 MHz (on board)(Máx.16 GB de Memoria RAM) X Slot,845390,43186
94,HP Pavilion Aero 13-be0501la,nan,Unidad de estado sólido M.2 PCIe® NVMe™ de 512 GB,"AMD Ryzen™ 5 5600U, 2,3 GHz hasta 4,2GHz (16MB Caché L3)",8GB RAM DDR4-3200 MHz (integrada)(Máx. GB de Memoria RAM) X Slot,849990,42281
95,Asus ideapad S540-13IML,nan,512GB SSD M.2 2280 PCIe 3.0x4 NVMe,"Intel® Core™ i5-10210U, 1.6GHz hasta 4.2GHz (6M Caché)",8GB Soldered DDR4-2666Mhz (Máx.16 GB de Memoria RAM) X Slot,849990,42528
96,Asus ideapad S540-13IML,nan,512GB SSD M.2 2280 PCIe 3.0x4 NVMe,"Intel® Core™ i5-10210U, 1.6GHz hasta 4.2GHz (6M Caché)",8GB Soldered DDR4-2666Mhz (Máx.16 GB de Memoria RAM) X Slot,849990,42015
97,HP 15-eh0011la,nan,Unidad de estado sólido M.2 PCIe® NVMe™ de 512 GB,"AMD Ryzen™ 7 4700U, 2,0GHz hasta 4,1GHz (8MB caché L3)",16 GB de SDRAM DDR4-3200 (2x8GB)(Máx. 16GB de Memoria RAM) 2 Slot ,879990,43062
98,Acer Nitro 5 AN515-55-56P2-2,nan,512GB SSD PCI Express,"Intel® Core™ i5-10300H, 2.50GHz hasta 4.50GHz (8M Caché)",16GB DDR4 SODIMM 2400/2666/3200Mhz (Máx. 32GB de Memoria RAM) 2 Slot,879990,42048
99,Lenovo ThinkPad L14,nan,256GB SSD M.2 2242 PCIe 3.0x2 NVMe,"Intel® Core™ i5-10210U, 1,60GHz hasta 4.2GHz (6MB Cache)",8GB SO-DIMM DDR4-2666Mhz (Máx. 64GB de Memoria RAM) 2 Slot,899990,42019
100,Huawei Matebook D15,nan,512GB SSD NVMe PCIe,"Intel® Core™ i5-1135G7, 2.40 GHz hasta 4,20 GHz (8M Caché)",16GB DDR4  3200MHz (Máx. 16GB de Memoria RAM),919990,41605
101,Lenovo ThinkBook,nan,SSD M.2 2242 de hasta 512 GB,"Intel® Core™ i7-10510U, 1,8GHz hasta 4,9GHz (8MB Caché)",8GB DDR4-2666Mhz (Soldered) (Máx. 40GB de Memoria RAM) 1 Slot,919990,42192
102,HP 13-ba1123la,nan,Unidad de estado sólido PCIe® NVMe™ M.2 de 256 GB ,"Intel® Core™ i5-1135G7,  hasta 4.2 GHz (8M Caché)",8GB de SDRAM DDR4-2933 (incorporada) (8GB Máx. Memoria) + Intel® Optane™ de 16GB,927790,39513
103,Lenovo Ideapad s540,nan,512GB SSD M.2 2280 PCIe 3.0x4 NVMe,"Intel Core i7-10510U, desde 1.8GHz hasta 4.9GHz",16GB DDR4 2666MHz ( Máx. RAM soportada 16GB),999990,40025
104,Apple Macbook Air,nan,SSD de 256 GB,M1 de Apple 8 núcleos con 4 núcleos de rendimiento y 4 de eficiencia,8 GB,1010290,40893
105,Apple Macbook Air,nan,SSD de 256 GB,M1 de Apple 8 núcleos con 4 núcleos de rendimiento y 4 de eficiencia,8 GB,1010290,40890
106,Apple Macbook Air,nan,SSD de 256 GB,M1 de Apple 8 núcleos con 4 núcleos de rendimiento y 4 de eficiencia,8 GB,1010290,41980
107,Acer Swift 3 SF313-53-74FL,nan,512GB SSD PCI Express,"Intel® Core™ i7-1165G7, 2.80GHz hasta 4.70GHz",16GB LPDDR4X 4266MHz,1129990,40965
108,Huawei Matebook X,nan,SSD NVMe PCIe de 512 GB,"Intel® Core™ i5-10210U, 1,60GHz hasta 4,20GHz (6MB Caché)",16GB LPDDR3 (Máx. 16GB de Memoria RAM) 1 Slot,1133990,42709
109,HP OMEN 15-en0002la,nan,512GB SSD M.2 PCIe® NVMe™,"AMD Ryzen™ 7 4800H, 2,9GHz hasta 4,3GHz (4MB caché L2)",16GB SDRAM DDR4-3200Mhz (2x8GB) (Máx. 16GB de Memoria RAM) 2 Slot ,1185590,40501
110,Asus UX435EG-AI094TS,nan,512GB SSD M.2 NVMe™ PCIe®,"Intel® Core™ i5-1135G7, 2.4 GHz hasta 4.2GHz (8M Cache)",8GB LPDDR4X (on board) + 32GB de memoria Intel® Optane™(Máx. 8GB de Memoria RAM) 1 Slot,1199990,37724
111,Asus FX516PC-HN021T,nan,512GB M.2 NVMe™ PCIe® 3.0 SSD,"Intel® Core™ i7-11370H, 3.3GHz hasta  4.8GHz (12MB Caché)",8GB DDR4 3200Mhz (on board)(Máx. 32GB de Memoria RAM) 1 Slot,1206190,41903
112,Apple Macbook Air,nan,SSD de 512 GB,M1 de Apple 8 núcleos con 4 núcleos de rendimiento y 4 de eficiencia,8 GB,1237090,40894
113,Apple Macbook Air,nan,SSD de 512 GB,M1 de Apple 8 núcleos con 4 núcleos de rendimiento y 4 de eficiencia,8 GB,1237090,40892
114,Huawei Mate Xpro,nan,SSD NVMe PCIe de 512 GB,"Intel® Core™ i5-1135G7, hasta 4,20GHz (8MB Caché)",16GB LPDDR4x (Máx. 16GB de Memoria RAM) 1 Slot,1237090,42708
115,Apple Macbook Air,nan,SSD de 512 GB,M1 de Apple 8 núcleos con 4 núcleos de rendimiento y 4 de eficiencia,8 GB,1237090,42014
116,Apple Macbook Pro,nan,SSD de 256 GB,M1 de Apple 8 núcleos con 4 núcleos de rendimiento y 4 de eficiencia,8 GB,1288690,41175
117,Apple Macbook Pro,nan,SSD de 256 GB,M1 de Apple 8 núcleos con 4 núcleos de rendimiento y 4 de eficiencia,8 GB,1288690,42282
118,LENOVO IDEAPAD 1 14ADA05 / AMD 3020E / 4GB RAM / 64GB EMMC / AMD RADEON GRAPHICS / 14'',nan,64 GB eMMC,Procesador no especificado,4 GB,289990,2000385605430
119,"LENOVO IDEAPAD 3 / AMD RYZEN™ 5 / 8GB RAM / 256GB SSD / INTEGRADA / 14"" HD",nan,256 GB SSD,AMD Ryzen™ 5,8 GB,489990,2000379795635
120,HP LAPTOP 14-DQ2026LA / INTEL® CORE™ I3 / 20GB MEMORIA (16GB INTEL OPTANE+4GB RAM) / 256GB SSD / INTEL UHD GRAPHICS /14'' FHD,nan,256 GB SSD,Intel Core i3,4 GB,429990,2000385847632
121,LENOVO LEGION 5 / AMD RYZEN™ 5 / 8GB RAM / 512GB SSD / NVIDIA GEFORCE RTX 3060 / 15.6'' FHD,nan,512 GB SSD,AMD Ryzen™ 5,8 GB,1049990,2000385918295
122,LENOVO LEGION 5 / AMD RYZEN™ 7 / 16GB RAM / 1TB SSD / NVIDIA GEFORCE RTX 3060 / 15.6'' FHD,nan,1 TB SSD,AMD Ryzen™ 7,16 GB,1249990,2000385918288
123,"HP PAVILION GAMING LAPTOP 15-EC1024LA / AMD RYZEN™ 7 / 8GB RAM / 512GB SSD / NVIDIA GEFORCE GTX 1650 / 15.6"" FHD",nan,512 GB SSD,AMD Ryzen™ 7,8 GB,799990,2000381137980
124,"HP PAVILION GAMING LAPTOP 15-EC1026LA / AMD RYZEN™ 5 / 8GB RAM / 256GB SSD / NVIDIA GEFORCE GTX 1650 / 15.6""",nan,256 GB SSD,AMD Ryzen™ 5,8 GB,699990,2000379735440
125,"ACER NITRO 5 / INTEL® CORE™ I5 / 16GB RAM / 512GB SSD / NVIDIA GEFORCE GTX 1650 / 15.6"" FHD",nan,512 GB SSD,Intel Core i5,16 GB,849990,2000383871721
126,"HP LAPTOP 15-EF1018LA / AMD RYZEN™ 5 / 8GB RAM / 256GB SSD / AMD RADEON GRAPHICS / 15.6""",nan,256 GB SSD,AMD Ryzen™ 5,8 GB,499990,2000383107424
127,"ASUS ZENBOOK 14 UM425 / AMD RYZEN™ 7 / 8GB RAM / 512GB SSD / AMD RADEON 7 / 14"" FHD",nan,512 GB SSD,AMD Ryzen™ 7,8 GB,769990,2000385400394
128,"ASUS TUF GAMING F15 FX506LH / INTEL® CORE™ I5 / 8GB RAM / 512GB SSD / NVIDIA GEFORCE GTX 1650 / 15.6"" FHD",nan,512 GB SSD,Intel Core i5,8 GB,799990,2000385135579
129,HP 348 G7 / INTEL® CORE™ I5 / 8GB RAM / 256GB SSD / 14'',nan,256 GB SSD,Intel Core i5,8 GB,579990,2000385887492
130,"HP PAVILION LAPTOP 13-BB0004LA / INTEL® CORE™ I7 / 8GB RAM / 256GB SSD / INTEL IRIS XE / 13.3"" FHD",nan,256 GB SSD,Intel Core i7,8 GB,919990,2000385161783
131,ASUS TUF GAMING A15 FA506Q / AMD RYZEN™ 7 / 16GB RAM / 512GB SSD / NVIDIA GEFORCE RTX 3060 / 15.6'' FHD,nan,512 GB SSD,AMD Ryzen™ 7,16 GB,1249990,2000383797526
132,"MACBOOK AIR M1 / GPU 7C / 8GB RAM / 256GB SSD / 13.3""",nan,256 GB SSD,Procesador no especificado,8 GB,979990,2000383032436
133,"ASUS ZENBOOK 14 UM425UA-AM227T / AMD RYZEN™ 7 / 8GB RAM / 512GB SSD / AMD RADEON R7 GRAPHICS / 14"" FHD",nan,512 GB SSD,AMD Ryzen™ 7,8 GB,829990,2000385050117
134,ASUS X515EA-BQ968T / INTEL® CORE™ I3 / 4GB RAM / 128GB SSD / INTEL UHD GRAPHICS / 15.6'' FHD,nan,128 GB SSD,Intel Core i3,4 GB,409990,2000385588825
135,"LENOVO YOGA C740 / INTEL® CORE™ I5 / 8GB RAM / 256GB SSD / 15.6"" FHD",nan,256 GB SSD,Intel Core i5,8 GB,689990,2000385146407
136,LENOVO YOGA SLIM 9I / INTEL® CORE™ I7 / 16GB RAM / 1TB SSD / INTEL IRIS XE / 14” 4K,nan,1 TB SSD,Intel Core i7,16 GB,1449990,2000382285017
137,"HP PAVILION GAMING LAPTOP 15-DK1044LA / INTEL® CORE™ I5 / 8GB RAM / 512GB SSD / NVIDIA GEFORCE GTX 1660 TI / 15.6"" FHD",nan,512 GB SSD,Intel Core i5,8 GB,969990,2000383803388
138,"LENOVO LEGION 5 / AMD RYZEN™ 5 / 8GB RAM / 512GB SSD / NVIDIA GEFORCE GTX 1650 / 15.6""",nan,512 GB SSD,AMD Ryzen™ 5,8 GB,829990,2000380705449
139,"LENOVO IDEAPAD S540 / INTEL® CORE™ I5 / 8GB RAM / 512GB SSD / 13.3"" QHD",nan,512 GB SSD,Intel Core i5,8 GB,769990,2000382321111
140,DELL INSPIRON 15 3505 / AMD RYZEN™ 7 / 8GB RAM / 512GB SSD / AMD RADEON RX VEGA 10 / 15.6” FHD,nan,512 GB SSD,AMD Ryzen™ 7,8 GB,699990,2000381884198
141,"ASUS ROG ZEPHYRUS G14 GA401QC / AMD RYZEN™ 7 / 16GB RAM / 512GB SSD / NVIDIA® GEFORCE RTX™ 3050 / 14"" FHD",nan,512 GB SSD,AMD Ryzen™ 7,16 GB,1199990,2000384495025
142,"HP PAVILION LAPTOP 15-EH0005LA / AMD RYZEN™ 3 / 8GB RAM / 256GB SSD / AMD RADEON GRAPHICS / 15.6""",nan,256 GB SSD,AMD Ryzen™ 3,8 GB,569990,2000383803395
143,"ASUS LAPTOP E410MA-EK746T / INTEL® CELERON® / 4GB RAM / 64GB EMMC / INTEL UHD GRAPHICS 600 / 14"" FHD",nan,64 GB eMMC,Intel Celeron,4 GB,289990,2000385135562
144,"ACER ASPIRE 3 / AMD ATHLON™ / 12GB RAM / 256GB SSD / AMD RADEON GRAPHICS / 14"" FHD",nan,256 GB SSD,AMD Athlon,12 GB,449990,2000385401100
145,"ASUS LAPTOP X515EA-BQ423T / INTEL® CORE™ I3 / 4GB RAM / 128GB SSD / INTEL UHD GRAPHICS / 15.6"" FHD",nan,128 GB SSD,Intel Core i3,4 GB,419990,2000385049463
146,"HP 348 G7 / INTEL® CORE™ I3 / 4GB RAM / 1TB / INTEL UHD GRAPHICS / 14""",nan,1 TB,Intel Core i3,4 GB,389990,2000384496824
147,"HP CHROMEBOOK 11A G8 EE / AMD A4 / 4GB RAM / 32GB EMMC / AMD RADEON R4 / 11.6""",nan,32 GB EMMC,AMD Serie A,4 GB,219990,2000385160687
148,HP LAPTOP 14-CF2051LA / INTEL® CORE™ I3 / 20GB MEMORIA (16GB INTEL OPTANE + 4GB RAM) / 256GB SSD / INTEL UHD GRAPHICS / 14'',nan,256 GB SSD,Intel Core i3,4 GB,549990,2000385777335
149,"HP 250 G7 / INTEL® CORE™ I3 / 4GB RAM / 1TB / INTEL UHD GRAPHICS / 15.6""",nan,1 TB,Intel Core i3,4 GB,369990,2000380555518
150,DELL INSPIRON 15 3505 / AMD RYZEN™ 5 / 8GB RAM / 256GB SSD / AMD RADEON VEGA 8 / 15.6”,nan,256 GB SSD,AMD Ryzen™ 5,8 GB,469990,2000381708951
151,LENOVO YOGA 9I / INTEL® CORE™ I5 / 16GB RAM / 1TB SSD / INTEL IRIS XE / 14” 4K,nan,1 TB SSD,Intel Core i5,16 GB,1199990,2000382285000
152,"ASUS X415EA / INTEL® CORE™ I7 / 8GB RAM / 512GB SSD / INTEL UHD GRAPHICS / 14"" FHD",nan,512 GB SSD,Intel Core i7,8 GB,719990,2000382093698
153,"ACER SPIN 3 / INTEL® CORE™ I5 / 8GB RAM / 256GB SSD / INTEL IRIS XE / 13.3""",nan,256 GB SSD,Intel Core i5,8 GB,819990,2000384580967
154,"LENOVO IDEAPAD GAMING 3 / AMD RYZEN™ 5 / 8GB RAM / 512GB SSD / NVIDIA GEFORCE GTX 1650 / 15.6""",nan,512 GB SSD,AMD Ryzen™ 5,8 GB,729990,2000380454637
155,"ACER ASPIRE 5 / INTEL® CORE™ I3 / 12GB RAM / 512GB SSD / INTEL UHD GRAPHICS / 15.6"" FHD",nan,512 GB SSD,Intel Core i3,12 GB,589990,2000384580950
156,ASUS ZENBOOK 13 OLED UX325EA / INTEL® CORE™ I7 / 16GB RAM / 512GB SSD / INTEL IRIS XE / 13.3'' FHD,nan,512 GB SSD,Intel Core i7,16 GB,969990,2000383567761
157,"ASUS E410MA-EK1016T / INTEL® CELERON® / 4GB RAM / 64GB EMMC / INTEL UHD GRAPHICS 600 / 14"" FHD",nan,64 GB eMMC,Intel Celeron,4 GB,289990,2000385400387
158,"DELL INSPIRON 15 3501 / INTEL® CORE™ I7 / 8GB RAM / 256GB SSD / INTEL IRIS XE / 15.6"" FHD",nan,256 GB SSD,Intel Core i7,8 GB,719990,2000385223849
159,"HP PAVILION X360 CONVERTIBLE 14-DY0002LA / INTEL® PENTIUM™GOLD / 4GB RAM / 256GB SSD / INTEL UHD GRAPHICS / 14""",nan,256 GB SSD,Intel Pentium,4 GB,489990,2000383803371
160,ACER SPIN 3 / AMD RYZEN™ 3 / 4GB RAM / 256GB SSD / AMD RADEON GRAPHICS / 14'' FHD,nan,256 GB SSD,AMD Ryzen™ 3,4 GB,509990,2000385472667
161,"ASUS ZENBOOK 13 UM325SA / AMD RYZEN™ 5 / 8GB RAM / 512GB SSD / AMD RADEON GRAPHICS / 13.3"" OLED",nan,512 GB SSD,AMD Ryzen™ 5,8 GB,789990,2000384495032
162,DELL INSPIRON 5310 / INTEL® CORE™ I5 / 8GB RAM / 256GB SSD / INTEL IRIS XE / 13.3'' FHD+,nan,256 GB SSD,Intel Core i5,8 GB,789990,2000385545347
163,ACER C733 / INTEL® CELERON® / 4GB RAM / 32GB EMMC / INTEL UHD GRAPHICS / 11.6'',nan,32 GB EMMC,Intel Celeron,4 GB,229990,2000385850595
164,DELL INSPIRON 5415 / AMD RYZEN™ 5 / 8GB RAM / 512GB SSD / AMD RADEON GRAPHICS / 14'' FHD,nan,512 GB SSD,AMD Ryzen™ 5,8 GB,719990,2000385545354
165,ACER ASPIRE 3 / AMD RYZEN™ 3 / 12GB RAM / 256GB SSD / AMD RADEON GRAPHICS / 14'' FHD,nan,256 GB SSD,AMD Ryzen™ 3,12 GB,539990,2000385749783
166,"LENOVO LEGION 5 / AMD RYZEN™ 5 / 16GB RAM / 512GB SSD / NVIDIA GEFORCE GTX 1650 TI / 15.6"" FHD",nan,512 GB SSD,AMD Ryzen™ 5,16 GB,939990,2000385115205
167,"HP ZBOOK FIREFLY 14 G7 / INTEL® CORE™ I5 / 16GB RAM / 512GB SSD / NVIDIA QUADRO P520 / 14""",nan,512 GB SSD,Intel Core i5,16 GB,1349990,2000381517553
168,ACER NITRO 5 / INTEL® CORE™ I7 / 16GB RAM / 512GB SSD / NVIDIA GEFORCE RTX 3050TI / 17.3'' FHD,nan,512 GB SSD,Intel Core i7,16 GB,1349990,2000385924098
169,"LENOVO IDEAPAD 5 PRO / INTEL® CORE™ I7 / 16GB RAM / 1TB SSD / NVIDIA GEFORCE MX450 / 16"" WQXGA",nan,1 TB SSD,Intel Core i7,16 GB,1069990,2000385116028
170,"DELL INSPIRON 15 3505 / AMD ATHLON™ SILVER / 4GB RAM / 1TB / INTEGRADA / 15.6""",nan,1 TB,AMD Athlon,4 GB,389990,2000382849356
171,HP PAVILION LAPTOP 15-EH0011LA / AMD RYZEN™ 7 / 16GB RAM / 512GB SSD / AMD RADEON GRAPHICS / 15.6'' FHD,nan,512 GB SSD,AMD Ryzen™ 7,16 GB,879990,2000385847687
172,HUAWEI MATEBOOK D14 / INTEL® CORE™ I5 / 8GB RAM / 512GB SSD / INTEL UHD 620 / 14'',nan,512 GB SSD,Intel Core i5,8 GB,709990,2000384564219
173,HP PAVILION X360 CONVERTIBLE 14-DY0501LA / INTEL® CORE™ I3 / 8GB RAM / 256GB SSD / INTEL UHD GRAPHICS / 14'',nan,256 GB SSD,Intel Core i3,8 GB,559990,2000385847649
174,ASUS TUF GAMING F15 FX506LH / INTEL® CORE™ I5 / 8GB RAM / 512GB SSD / NVIDIA GEFORCE GTX 1650 / 15.6'' FHD,nan,512 GB SSD,Intel Core i5,8 GB,819990,2000385900122
175,HP ZBOOK FIREFLY 14 G8 / INTEL® CORE™ I7 / 16GB RAM / 512GB SSD / NVIDIA T500 / 14'' FHD,nan,512 GB SSD,Intel Core i7,16 GB,1399990,2000385264774
176,HP PAVILION AERO LAPTOP 13-BE0501LA / AMD RYZEN™ 5 / 8GB RAM / 512GB SSD / AMD RADEON GRAPHICS / 13.3'',nan,512 GB SSD,AMD Ryzen™ 5,8 GB,829990,2000385847625
177,LENOVO LEGION 5 / AMD RYZEN™ 7 / 16GB RAM / 1TB + 128GB SSD / NVIDIA GEFORCE RTX 2060 / 15.6'' FHD,nan,1 TB + 128 GB SSD,AMD Ryzen™ 7,16 GB,1099990,2000385768548
178,HP 240 G8 / INTEL® CORE™ I3 / 4GB RAM / 1TB / 14'',nan,1 TB,Intel Core i3,4 GB,369990,2000385777328
179,HP PAVILION LAPTOP 15-EH0010LA / AMD RYZEN™ 7 / 8GB RAM / 512GB SSD / AMD RADEON GRAPHICS / 15.6'' FHD,nan,512 GB SSD,AMD Ryzen™ 7,8 GB,729990,2000385847670
180,"HP 15-DK1028LA / INTEL® CORE™ I5 / 24GB MEMORIA (16GB INTEL® OPTANE + 8GB RAM)/256GB SSD/NVIDIA GEFORCE GTX 1050/15.6"" FHD",nan,256 GB SSD,Intel Core i5,8 GB,829990,2000383487335
181,HUAWEI MATEBOOK X / INTEL® CORE™ I5 / 16GB RAM / 512GB SSD / INTEL UHD GRAPHICS / 13'',nan,512 GB SSD,Intel Core i5,16 GB,1099990,2000383668956
182,"DELL INSPIRON 14 7415 / AMD RYZEN™ 7 / 16GB RAM / 512GB SSD / AMD RADEON GRAPHICS / 14"" FHD",nan,512 GB SSD,AMD Ryzen™ 7,16 GB,919990,2000385223856
183,"ACER NITRO 5 / INTEL® CORE™ I5 / 12GB RAM / 512GB SSD / NVIDIA GEFORCE GTX 1650 / 15.6""",nan,512 GB SSD,Intel Core i5,12 GB,899990,2000380458338
184,"ACER NITRO 5 AN515 / INTEL® CORE™ I5 / 12GB RAM / 1TB + 128GB SSD / NVIDIA GEFORCE GTX 1650 / 15.6""",nan,1 TB + 128 GB SSD,Intel Core i5,12 GB,826990,2000380207530
185,MACBOOK PRO M1 / GPU 8C / 8GB RAM / 512GB SSD / 13.3”,nan,512 GB SSD,Procesador no especificado,8 GB,1449990,2000383032504
186,"LENOVO LEGION 7I / INTEL® CORE™ I7 / 32GB RAM / 1TB SSD / NVIDIA GEFORCE RTX 2080 / 15.6"" FHD",nan,1 TB SSD,Intel Core i7,32 GB,2199990,2000379361793
187,LENOVO IDEAPAD S145 / AMD 3020E / 4GB RAM / 500GB / 14”,nan,500 GB,AMD 3000 Series,4 GB,279990,2000380373280
188,"MSI GP65 LEOPARD / INTEL® CORE™ I7 / 16GB RAM / 512GB SSD / NVIDIA GEFORCE RTX 2060 / 15.6"" FHD",nan,512 GB SSD,Intel Core i7,16 GB,1299990,2000382706000
189,"HP ZBOOK FIREFLY 15 G8 / INTEL® CORE™ I7 / 16GB RAM / 512GB SSD / NVIDIA T500 / 15.6"" FHD",nan,512 GB SSD,Intel Core i7,16 GB,1299990,2000383568782
190,"MSI MODERN 14 B10MW / INTEL® CORE™ I5 / 8GB RAM / 256GB SSD / INTEL UHD GRAPHICS 620 / 14"" FHD",nan,256 GB SSD,Intel Core i5,8 GB,749990,2000381301718
191,"MACBOOK PRO RETINA TBAR / INTEL® CORE™ I5 / 16GB RAM / 1TB SSD / INTEL IRIS PLUS / 13.3""",nan,1 TB SSD,Intel Core i5,16 GB,1999990,2000379236244P
192,"MACBOOK PRO T.BAR MWP52CI/A / INTEL® CORE™ I5 / 16GB RAM / 1TB SSD / INTEL IRIS PLUS / 13.3""",nan,1 TB SSD,Intel Core i5,16 GB,1779990,2000380358676
193,"ACER ASPIRE 3 A-315 / AMD RYZEN™ 5 / 12GB RAM / 256 SSD / AMD RADEON VEGA 8 / 15.6""",nan,256 GB SSD,AMD Ryzen™ 5,12 GB,499990,2000379161164P
194,"MACBOOK AIR M1 / GPU 8C / 8GB RAM / 512GB SSD / 13.3""",nan,512 GB SSD,Procesador no especificado,8 GB,1199990,2000383032450
195,"LENOVO LEGION 5I / INTEL® CORE™ I7 / 8GB RAM / 1TB + 128GB SSD / NVIDIA GEFORCE GTX 1660 TI / 15.6"" FHD",nan,1 TB + 128 GB SSD,Intel Core i7,8 GB,1099990,2000379795598
196,"MACBOOK AIR RETINA MVH22CI/A / INTEL® CORE™ I5 / 8GB RAM / 512GB SSD / 13.3""",nan,512 GB SSD,Intel Core i5,8 GB,1399990,2000380358638
197,"MACBOOK AIR M1 / GPU 8C / 8GB RAM / 512GB SSD / 13.3""",nan,512 GB SSD,Procesador no especificado,8 GB,1199990,2000383032467
198,"MACBOOK PRO M1 / GPU 8C / 8GB RAM / 256GB SSD / 13.3""",nan,256 GB SSD,Procesador no especificado,8 GB,1199990,2000383032481
199,"MACBOOK PRO T.BAR MWP42CI/A / INTEL® CORE™ I5 / 16GB RAM / 512GB SSD / INTEL IRIS PLUS / 13.3""",nan,512 GB SSD,Intel Core i5,16 GB,1749990,2000380358683
200,"LENOVO LEGION 7I / INTEL® CORE™ I7 / 16GB RAM / 512GB SSD / NVIDIA GEFORCE RTX 2070 / 15.6"" FHD",nan,512 GB SSD,Intel Core i7,16 GB,1499990,2000379361786
201,DELL VOSTRO 14 5402 / INTEL® CORE™ I7 / 8GB RAM / 256GB SSD / INTEL IRIS XE / 14” FHD,nan,256 GB SSD,Intel Core i7,8 GB,899990,2000381884167
202,"HP 240 G7 / INTEL® CELERON® / 4GB RAM / 500GB / INTEL UHD GRAPHICS 600 / 14""",nan,500 GB,Intel Celeron,4 GB,299990,2000380555501
203,NOTEBOOK LENOVO THINKPAD T440P 14' INTEL CORE I7 8GB 256GB SSD WIN10 REACONDICIONADO GRADO A,nan,Almacenamiento no especificado,Procesador no especificado,Memoria Ram no especificada,529000,MPM00028110936
204,NOTEBOOK DELL 13.3' FHD TOUCHSCREEN CORE I3- REACONDICIONADO,nan,128 GB SSD,Intel Core i3,8 GB,549990,MPM00024813656
205,NOTEBOOK DELL 13.3' HD CORE I3 8GB RAM - REACONDICIONADO,nan,128 GB SSD,Intel Core i3,8 GB,499990,MPM00024726970
206,"NOTEBOOK HP 240 G7 CELERON N4020, 4GB RAM, 500 GB, 14' HD",nan,Almacenamiento no especificado,Procesador no especificado,Memoria Ram no especificada,319990,MPM00028877990
207,NOTEBOOK LENOVO 15' TOUCH SCREEN I3 8GB 256GB SSD W10,nan,256 GB,Intel Core i3,8 GB,549990,2327078
208,ELITEBOOK HP 15- REACONDICIONADO DB0031NR SILVER / FUSION DUAL-CORE A9-9425 / 4GB RAM / 1T SDD,nan,Almacenamiento no especificado,Procesador no especificado,Memoria Ram no especificada,369990,MPM00011159844
209,"NOTEBOOK HP 240 G7 INTEL CORE I3 1005G1, 4GB RAM, 1TB, 14 HD, W10 | HP",nan,1 TB,Intel Core i3,4 GB,449990,1694923
210,"NOTEBOOK LENOVO V14-IIL I5-1035G1,RAM 4 GB,256GB SSD, 14'HD SIN SISTEMA OPERATIVO",nan,256 GB,Intel Core i5,4 GB,529990,MPM00015078940
211,NOTEBOOKS ASUS B9450FA-BM0198R I7-10510U 1TB PCIE G3X4 SSD+TPM 16GB 14IN W10 PRO,nan,1 TB,Intel Core i7,16 GB,3019990,MPM00014616720
212,NOTEBOOKS ASUS A434FAC-A5182R I7-10510U 512G PCIE G3X2 SSD+TPM 16GB 14IN W10 PRO,nan,512 GB,Intel Core i7,16 GB,2010990,MPM00014616742
213,NOTEBOOKS ASUS P5440FA-BM0897R I5-8265U 512G PCIE G3X2 SSD+TPM 8GB 14IN W10 PRO,nan,512 GB,Intel Core i5,8 GB,1427990,MPM00014616852
214,NOTEBOOKS LENOVO T490 I5-10210 8GB DDR4 512GB SSD W10P,nan,512 GB,Intel Core i5,8 GB,1514990,MPM00014617070
215,NOTEBOOKS LENOVO X390 I5-10210U 8GB DDR4 512GB SSD W10P,nan,512 GB,Intel Core i5,8 GB,1765990,MPM00014617128
216,NOTEBOOKS LENOVO X395 RYZEN 5 3500U 8GB 512SSD W10P+ADP,nan,512 GB,AMD Ryzen™ 5,8 GB,1470990,MPM00014617184
217,NOTEBOOKS LENOVO X390 I5-8265U 8G 1TB SSD W10P,nan,1 TB,Intel Core i5,8 GB,1627990,MPM00014617274
218,NOTEBOOKS LENOVO X1 CARBON I7-10510U 16GB 512GB SSD W10P+ ADP,nan,512 GB,Intel Core i7,16 GB,2932990,MPM00014617344
219,NOTEBOOKS LENOVO X1 CARBON I7-8565U 16GB DDR4 1TBSSD W10P,nan,1 TB,Intel Core i7,16 GB,3067990,MPM00014617368
220,NOTEBOOKS DELL LATITUDE 7400 I7-8665U 8GB 256GB SSD WIN10PRO 3YR PROSUPPORT,nan,256 GB,Intel Core i7,8 GB,1979990,MPM00014617414
221,LAPTOP HP 240 G7 CELERON N4020 4GB RAM 500 GB 14 HD SIN SISTEMA OPERATIVO,nan,500 GB,Intel Celeron,4 GB,299990,1736466
222,"NOTEBOOK LENOVO V14-IIL I5-1035G1, 4GB RAM, 256GB SSD, 14' HD, W10H",nan,256 GB,Intel Core i5,4 GB,599990,MPM00011268588
223,"NOTEBOOK DELL VOSTRO 3400, I5 1135G7, RAM 8GB, SSD 256, SIN SISTEMA OPERATIVO. 14 FHD",nan,256 GB,Intel Core i5,8 GB,609990,1922782
224,NOTEBOOK / LENOVO / YOGA SLIM 9I / INTEL CORE I7 11° GEN / 16 GB RAM / 1TB SSD / 14'',nan,1 TB SSD,Intel Core i7,16 GB,1799990,1983927
225,"NOTEBOOK DELL VOSTRO 3401 I3 1005G1, RAM 4GB, DISCO 1TB, 14' WIN10H",nan,Almacenamiento no especificado,Procesador no especificado,Memoria Ram no especificada,549990,MPM00019004570
226,NOTEBOOK DELL LATITUDE 7480 14' CORE I5 - REACONDICIONADO,nan,Almacenamiento no especificado,Procesador no especificado,Memoria Ram no especificada,539990,MPM00024724458
227,NOTEBOOK / LENOVO / THINKBOOK 13S GEN 2 / INTEL CORE I5 11VA GEN / 16GB RAM / 256GB SSD / WQXGA / 13'''' | GRIS,nan,256 GB SSD,Intel Core i5,16 GB,1019990,2189012
228,NOTEBOOK / LENOVO / THINKPAD X1 FOLD / INTEL CORE I5 NON-VPRO / 8GB RAM / 512GB SSD / QXGA / 13'',nan,Almacenamiento no especificado,Procesador no especificado,Memoria Ram no especificada,3319990,2189014
229,"NOTEBOOK BMAX CONVERTIBLE Y11 INTEL CELERON N4120, 8GB, 256GB SSD, WIN10,11.6' | BMAX",nan,256 GB,Intel Celeron,8 GB,369990,2194339
230,"NOTEBOOK LENOVO V14 ADA, RYZEN 3 3250U, RAM 4GB, 1TB, W10H, 14.",nan,Almacenamiento no especificado,Procesador no especificado,Memoria Ram no especificada,439990,2194343
231,"NOTEBOOK DELL LATITUDE 3400 INTEL CORE I7 8565U,16 GB DDR4, 256 GB SSD, NVIDIA GEFORCE MX130, 14, W10P",nan,256 GB SSD,Intel Core i7,16 GB,889990,MPM00024811528
232,NOTEBOOK DYNABOOK TECRA A30-G INTEL CELERON 5205U/ RAM 4GB/ 128GB SSD/ 13.3'/ W10P,nan,128 GB,Intel Celeron,4 GB,339990,2202233
233,NOTEBOOK ASUS CHROMEBOOK C200 REACONDICIONADO,nan,Almacenamiento no especificado,Procesador no especificado,Memoria Ram no especificada,219990,2283799
234,NOTEBOOK LENOVO IDEAPAD 3 TOUCH INTEL CORE I3-10110U 15.6' HD 8GB - 256GB PCIE SSD - WEBCAM - WINDOWS 10,nan,Almacenamiento no especificado,Procesador no especificado,Memoria Ram no especificada,529000,2320037
235,"NOTEBOOK GAMER AERO OLED I7-10870H, 8GB, 512GB SSD, RTX 3060 6GB,W10H",nan,512 GB SSD,Intel Core i7,8 GB,2099990,MPM00028624768
236,"NOTEBOOK HP 348 G7, INTEL I3-10110U, 4GB, 1TB, LED 14', W10H",nan,Almacenamiento no especificado,Procesador no especificado,Memoria Ram no especificada,469990,MPM00028633580
237,NOTEBOOK / LENOVO 14W / AMD A6 / 4GB RAM / 128GB SSD / FHD / W10P / 14'',nan,Almacenamiento no especificado,Procesador no especificado,Memoria Ram no especificada,299990,2319866
238,NOTEBOOK DELL LATITUDE 3510 15.6 FHD I3-10110U 4GB 500GB W10HOME,nan,Almacenamiento no especificado,Procesador no especificado,Memoria Ram no especificada,546990,2321405
239,NOTEBOOK DELL 13.3' FHD TOUCHSCREEN CORE I3- REACONDICIONADO,nan,128 GB SSD,Intel Core i3,8 GB,549990,MPM00024813656
240,HP PAVILION GAMING 15-EC1024LA/ AMD RYZEN™7 /8GB RAM / 512 GB SSD PCLE / NVDIA GEFORCE 1650 /15.6',nan,512 GB SSD,AMD Ryzen™ 7,8 GB,999990,MPM00029296454
241,NOTEBOOK LENOVO L14 I7-10510U 16GB 256GB W10P,nan,256 GB,Intel Core i7,16 GB,1029900,2315775
242,NOTEBK LENOVO IDEAPAD 5 14IIL05 I7-1065 16GB 512GB WPRO,nan,512 GB,Intel Core i7,16 GB,889900,2315903
243,LENOVO YOGA C740 / INTEL I5 / 8GB RAM / 512GB SSD / 32GB OPTANE / 15.6' FHD TACTIL / CONVERTIBLE 2 EN 1,nan,512 GB SSD,Intel Core i5,8 GB,779990,2317902
244,LENOVO 100E / AMD 3015E / 4GB RAM / 64GB SSD / 11.6' HD,nan,64 GB SSD,AMD E2,4 GB,229990,2317901
245,ASUS L510 / INTEL N4020 / 4GB RAM / 128GB SSD / 15.6' FHD,nan,128 GB,Intel Celeron,4 GB,329990,2317891
246,HP PAVILION GAMING 15-DK1056WM / INTEL CORE I5-10300H / 8GB RAM / 256GB SSD / NVIDIA GEFORCE GTX 1650 4GB / TPM,nan,256 GB,Intel Core i5,8 GB,719990,2317893
247,NOTEBOOK DELL 13.3' HD CORE I3 8GB RAM - REACONDICIONADO,nan,128 GB SSD,Intel Core i3,8 GB,499990,MPM00024726970
248,NOTEBOOK HP 240 I5-1035 8GB 1TB WIN10P,nan,1 TB,Intel Core i5,8 GB,690900,1844048
249,NOTEBOOK HP 240 G7 N4020 4GB 500GB WIN10H + SOUNDBAR 60W + CANDADO,nan,Almacenamiento no especificado,Procesador no especificado,Memoria Ram no especificada,499990,1951589
250,NOTEBOOK / LENOVO / YOGA SLIM 9I / INTEL CORE I7 11° GEN / 16 GB RAM / 1TB SSD / 14'',nan,1 TB SSD,Intel Core i7,16 GB,1799990,1983927
251,NOTEBOOK CHUWI COREBOOK PRO INTEL I3-6157U/ 8GB RAM / 256GB SSD/ 13'/ W10H,nan,256 GB SSD,Intel Core i3,8 GB,434990,MPM00022052212
252,NOTEBOOK HP 240 G7 CELERON N4020 4GB 500GB WIN10HOME,nan,500 GB,Intel Celeron,4 GB,449900,2174522
253,NOTEBOOK DELL VOSTRO 3400 I3-1120G4 8GB 1TB W10PRO 14´´,nan,1 TB,Intel Core i3,8 GB,599990,2174523
254,HP PROBOOK 445 G7 AMD RYZEN 7-4700U 8GB 256GB W10PRO,nan,256 GB,AMD Ryzen,8 GB,834900,2174525
255,NOTEBOOK DELL LATITUDE 3410 I5-10210U 8GB 1TB W10PRO,nan,1 TB,Intel Core i5,8 GB,749900,2174524
256,NOTEBOOK DELL LATITUDE 7480 14' CORE I5 - REACONDICIONADO,nan,Almacenamiento no especificado,Procesador no especificado,Memoria Ram no especificada,539990,MPM00024724458
257,NOTEBOOK / LENOVO / THINKBOOK 13S GEN 2 / INTEL CORE I5 11VA GEN / 16GB RAM / 256GB SSD / WQXGA / 13'''' | GRIS,nan,256 GB SSD,Intel Core i5,16 GB,1019990,2189012
258,NOTEBOOK / LENOVO / THINKPAD X1 FOLD / INTEL CORE I5 NON-VPRO / 8GB RAM / 512GB SSD / QXGA / 13'',nan,Almacenamiento no especificado,Procesador no especificado,Memoria Ram no especificada,3319990,2189014
259,"NOTEBOOK BMAX CONVERTIBLE Y11 INTEL CELERON N4120, 8GB, 256GB SSD, WIN10,11.6' | BMAX",nan,256 GB,Intel Celeron,8 GB,369990,2194339
260,"NOTEBOOK LENOVO V14 ADA, RYZEN 3 3250U, RAM 4GB, 1TB, W10H, 14.",nan,Almacenamiento no especificado,Procesador no especificado,Memoria Ram no especificada,439990,2194343
261,"NOTEBOOK DELL LATITUDE 3400 INTEL CORE I7 8565U,16 GB DDR4, 256 GB SSD, NVIDIA GEFORCE MX130, 14, W10P",nan,256 GB SSD,Intel Core i7,16 GB,889990,MPM00024811528
262,"NOTEBOOK ASUS E410MA BV037T INTEL CELERON N4020 14¿ – 4GB, 64GB EMMC",nan,Almacenamiento no especificado,Procesador no especificado,Memoria Ram no especificada,399990,2205056
263,NOTEBOOK HP 14-CF2087LA INTEL CELERON N4020 14¿ 4GB 128GB SSD,nan,Almacenamiento no especificado,Procesador no especificado,Memoria Ram no especificada,377990,MPM00025227184
264,NOTEBOOK DYNABOOK TECRA A30-G INTEL CELERON 5205U/ RAM 4GB/ 128GB SSD/ 13.3'/ W10P,nan,128 GB,Intel Celeron,4 GB,339990,2202233
265,"NOTEBOOK DYNABOOK TECRA A40 G1400, INTEL CELERON 5205U/ 4GB RAM/ 128GB SSD/ 14'/ W10P",nan,128 GB,Intel Celeron,4 GB,339990,2202614
266,"NOTEBOOK HP 240 G7 INTEL CELERON N4020 - 4GB RAM, 500GB HDD, FREEDOS",nan,Almacenamiento no especificado,Procesador no especificado,Memoria Ram no especificada,355990,MPM00025578952
267,NOTEBOOK ASUS EXPERTBOOK B2451FA-EB1422R,nan,Almacenamiento no especificado,Procesador no especificado,Memoria Ram no especificada,988990,MPM00026108518
268,NOTEBOOK ASUS EXPERTBOOK P2451FA-EK0343R,nan,Almacenamiento no especificado,Procesador no especificado,Memoria Ram no especificada,882990,MPM00026108578
269,NOTEBOOK HP 240 G7 N4020 4GB 500GB WIN10H + CANDADO,nan,Almacenamiento no especificado,Procesador no especificado,Memoria Ram no especificada,399990,1950460
270,"NOTEBOOK LENOVO 100E /AMD/4GB/64GB/11,6'",nan,64 GB,AMD Serie A,4MB,226990,MPM00025910520
271,NOTEBOOK DELL LATITUDE E7480 14” INTEL CORE I5 8GB 256GB SSD WEBCAM WIN 10 PRO REACONDICIONADO GRADO A,nan,Almacenamiento no especificado,Procesador no especificado,Memoria Ram no especificada,642990,MPM00023013366
272,HP 14-FQ0013DX ATHLON 4GB DDR4 128GB SSD,nan,Almacenamiento no especificado,Procesador no especificado,Memoria Ram no especificada,339990,MPM00023468284
273,NOTEBOOK HP 245 G7 RYZEN 5-3500 8GB 256GB WIN10P,nan,256 GB,AMD Ryzen,8 GB,669900,2152964
274,"HP PAVILION GAMING / INTEL CORE I7 / 16GB RAM / 1TB+ 128GB SSD / NVIDIA GEFORCE GTX 1660 TI / 15,6'",nan,1 TB HDD + 256 GB SSD,Intel Core i7,16 GB,999990,MPM00023535032
275,"HP PAVILION GAMING/ INTEL® CORE™ I7/ 24GB(16GB INTEL® OPTANE™+ 8GB RAM)/ 256GB SSD / 15,6'",nan,256 GB SSD,Intel Core i7,8 GB,1099990,MPM00023534940
276,"NOTEBOOK CHUWI HEROBOOK PRO INTEL N4020/ 8GB/ 256GB SSD/14,1'/W10",nan,256 GB SSD,Intel Celeron,8 GB,339990,MPM00023683188
277,NOTEBOOK HP PAVILION GAMING 16-A0004LA INTEL® CORE™ I7/12GB/ 512GB SSD PCIE/ 16',nan,Almacenamiento no especificado,Procesador no especificado,Memoria Ram no especificada,1149990,MPM00023808336
278,NOTEBOOK HP 240 G7 CELERON N4020 8GB 500GB WIN10PRO,nan,500 GB,Intel Celeron,8 GB,499900,2152962
279,NOTEBOOK HP 240 G7 CELERON N4020 4GB 500GB WIN10PRO,nan,500 GB,Intel Celeron,4 GB,459900,2152968
280,"NOTEBOOK DELL 5420 I5-1135G7 8GB RAM 256GB SSD W10PRO + MOCHILA, MOUSE GARANTÍA 3 AÑOS",nan,Almacenamiento no especificado,Procesador no especificado,Memoria Ram no especificada,935990,2384118
281,NOTEBOOK LENOVO IDEAPAD 3 / INTEL I3 10 GEN/ 8GB RAM / 256GB SSD P/ PANTALLA 15.6' HD TÁCTIL,nan,256 GB SSD,Intel Core i3,8 GB,479990,2351214
282,NOTEBOOK LENOVO IDEAPAD 3 15.6' - BLUE,nan,256 GB,Intel Core i3,8 GB,591990,2367595
283,"LAPTOP ASUS VIVOBOOK R564DA-UH72T -PANTALLA TÁCTIL FHD DE 15,6'",nan,256 GB,AMD Ryzen™ 7,8 GB,780990,2367596
284,"NOTEBOOK HP 348 G7, INTEL® CORE™ I3-10110U, RAM 8GB, 240SSD + 1TB HDD, LED 14', W10 HOME + MOCHILA",nan,Almacenamiento no especificado,Procesador no especificado,Memoria Ram no especificada,597990,2368332
285,"CHROMEBOOK LENOVO THINKPAD 11E, 11.6', 4GB RAM, 16GB SSD TECLADO EN INGLÉS - REACONDICIONADO",nan,Almacenamiento no especificado,Procesador no especificado,Memoria Ram no especificada,139990,MPM00029949544
286,HP LAPTOP 348 G7 2E4U1LT / I3-10110U / 4GB RAM / 1TB HDD / W10H / 14',nan,Almacenamiento no especificado,Procesador no especificado,Memoria Ram no especificada,689990,MPM00030314742
287,LENOVO LAPTOP V145-14AST / AMD A4-9125 / 4GB RAM / 500GB HDD / W10H / 14',nan,Almacenamiento no especificado,Procesador no especificado,Memoria Ram no especificada,399990,MPM00030314822
288,IDEAPAD 3 15.6' HD CORE I3 4GB RAM 128GB SSD - REACONDICIONADO,nan,128 GB SSD,Intel Core i3,4 GB,399990,MPM00027722220
289,"NOTEBOOK LENOVO L340, CORE I5-9300, 8GB, 256GB SSD, WIN 10, 15.6",nan,256 GB,Intel Core i5,8 GB,859990,2275485
290,NOTEBOOK LENOVO 14-IML I5-10210U 8GB 256GB WIN10HOME,nan,256 GB,Intel Core i5,8 GB,799990,MPM00028520483
291,"NOTEBOOK GAMER AERO OLED I7-10870H, 8GB, 512GB SSD, RTX 3060 6GB,W10H",nan,Almacenamiento no especificado,Procesador no especificado,Memoria Ram no especificada,2099990,MPM00028633640
292,LENOVO IDEAPAD 3 15¿ FHD RYZEN 5 3500U CHERRY_RED,nan,256 GB,AMD Ryzen™ 5,8 GB,625990,2319343
293,NOTEBOOK / LENOVO 14W / AMD A6 / 4GB RAM / 128GB SSD / FHD / W10P / 14'',nan,Almacenamiento no especificado,Procesador no especificado,Memoria Ram no especificada,299990,2319866
294,NOTEBOOK DELL LATITUDE 3510 15.6 FHD I3-10110U 4GB 500GB W10HOME,nan,Almacenamiento no especificado,Procesador no especificado,Memoria Ram no especificada,546990,2321405
295,HP 15-DA3016CY /I5 -1035G1 /2TB/ 16 GB SSD/ REACONDICIONADO,nan,Almacenamiento no especificado,Procesador no especificado,Memoria Ram no especificada,649990,2321130
296,"NOTEBOOK DELL VOSTRO 3401 I3 1005G1, RAM 4GB, DISCO 1TB, 14' WIN10H",nan,1 TB SSD,Intel Core i3,4 GB,529990,2263578
297,NOTEBOOK HP G7 240 INTEL I3-1005G1/1TB/ FREE DOS 14',nan,Almacenamiento no especificado,Procesador no especificado,Memoria Ram no especificada,459990,2267832
298,"NOTEBOOK HP 240 G7 INTEL CORE I3 1005G1, 4GB RAM, 1TB, 14 HD, W10",nan,1 TB,Intel Core i3,4 GB,446990,2265822
299,NOTEBOOK HP 14' N5030 4GB 128GB SSD W10 + MOUSE HP,nan,128 GB,Intel Pentium Silver,4 GB,399990,2326861
300,NOTEBOOK LENOVO 15' TOUCH SCREEN I3 8GB 256GB SSD W10,nan,256 GB,Intel Core i3,8 GB,549990,2327078
301,HP PAVILION GAMING 15-EC1024LA/ AMD RYZEN™7 /8GB RAM / 512 GB SSD PCLE / NVDIA GEFORCE 1650 /15.6',nan,512 GB SSD,AMD Ryzen™ 7,8 GB,999990,MPM00029296454
302,NOTEBOOK HP 348 G7 I3-10110U 1TB 4GB W10HOME 14´´,nan,Almacenamiento no especificado,Procesador no especificado,Memoria Ram no especificada,564900,2234477
303,NOTEBOOK LENOVO TP L14 I7-10510U 8GB 256GB SSD W10P,nan,256 GB,Intel Core i7,8 GB,979900,2234476
304,NOTEBOK HP 240 CELERON N4020 4GB 500GB SIN SISTEMA OPERATIVO,nan,Almacenamiento no especificado,Procesador no especificado,Memoria Ram no especificada,299990,2234475
305,NOTEBOOK HP 348 G7 INTEL CORE I3 RAM 4GB DISCO 1TB,nan,1 TB,Intel Core i3,4 GB,659990,MPM00026681458
306,"NOTEBOOK LENOVO V14 ADA, AMD ATHLON GOLD 3150U,4GB, 128GB SSD 14¿",nan,128 GB,AMD Athlon,128 MB,424990,MPM00026908116
307,"NOTEBOOK HP 240 G7, I3-1005G1, 4GB, 1TB, 14 WIN10",nan,Almacenamiento no especificado,Procesador no especificado,Memoria Ram no especificada,449990,2366664
308,NOTEBOOK LENOVO THINKPAD T440P 14' INTEL CORE I7 8GB 500GB WIN10 REACONDICIONADO GRADO A,nan,Almacenamiento no especificado,Procesador no especificado,Memoria Ram no especificada,499000,MPM00028110872
309,HP PAVILION GAMING LAPTOP 15-DK0014LA/INTEL CORE I5/20GB MEMORIA(16GB INT OPTANE+4GB RAM)/256GB SSD/NVIDIA GEFORCE GTX 1050/15.6,nan,256 GB SSD,Intel Core i5,4 GB,799990,2000378488460P
310,"HP PAVILION X360 CONVERTIBLE 14-DH1008LA / INTEL® CORE™ I7 / 8GB RAM / 256GB SSD / INTEL UHD GRAFICS / 14"" FHD",nan,256 GB SSD,Intel Core i7,8 GB,849990,2000379735716
311,HP PROBOOK 450 440 445 455 470 G0 G1 NOTEBOOK FP06,nan,Almacenamiento no especificado,Procesador no especificado,Memoria Ram no especificada,56900,MPM00012599680
312,NOTEBOOK DELL LATITUDE 7389 13” TOUCHSCREEN INTEL CORE I5 8GB 256GB SSD SIN WEBCAM WIN 10 PRO REACONDICIONADO GRADO A,nan,Almacenamiento no especificado,Procesador no especificado,Memoria Ram no especificada,665990,MPM00029535334
313,NOTEBOOK DELL LATITUDE E5470 INTEL CORE I5 16GB 256GB SSD WIN10 REACONDICIONADO GRADO A,nan,Almacenamiento no especificado,Procesador no especificado,Memoria Ram no especificada,619990,MPM00029535376
314,"NOTEBOOK LENOVO THINKPAD T490, I7 8565U, RAM 16GB, 512GB SSD, 14.0, W10P",nan,512 GB,Intel Core i7,16 GB,999990,MPM00028719594
315,NOTEBOOK GEAR LOTUS 14 FHD CELERON N3350 4GB 128GB SSD WINDOWS 10 DARK GRAY,nan,Almacenamiento no especificado,Procesador no especificado,Memoria Ram no especificada,299990,MPM00028878976
316,"NOTEBOOK DELL 5500 I7-10750H, RAM 8GB, SSD 512GB, LED 15.6', GTX 1650TI, W10H",nan,512 GB SSD,AMD Ryzen™ 7,8 GB,1249990,MPM00019004422
317,NOTEBOOK DELL LATITUDE E5450 INTEL CORE I5 5TA GEN 8GB 240GB SSD WEBCAM WIN10 REACONDICIONADO GRADO A,nan,Almacenamiento no especificado,Procesador no especificado,Memoria Ram no especificada,469000,MPM00020723064
318,HP PROBOOK 645 G4 RYZEN 7 PRO 500GB 8GB VIDEO RX VEGA 14”HD WIN10 PRO,nan,Almacenamiento no especificado,Procesador no especificado,Memoria Ram no especificada,649000,MPM00012484286
319,LENOVO LEGION Y545 GAMING CORE™ I7 1TB+256GB SSD 16GB 15.6' 144HZ NVIDIA® GTX 1660TI 6144MB,nan,Almacenamiento no especificado,Procesador no especificado,Memoria Ram no especificada,1299000,MPM00015353152
320,LENOVO THINKBOOK 14 IIL INTEL CORE™ I7 10A GENERACION 512GB SSD 8GB 14” FHD LECTOR HUELLAS WIN 10 PRO,nan,Almacenamiento no especificado,Procesador no especificado,8 GB,999000,MPM00011620364
321,ACER ASPIRE 5 A515 15.6' HD TOUCHSCREEN INTEL CORE I5-1035G1 8GB RAM 256GB PCIE SSD WINDOWS 10,nan,Almacenamiento no especificado,Procesador no especificado,Memoria Ram no especificada,599000,MPM00021880566
322,HP ELITEBOOK 820-G3 /INTEL CORE I5/ RAM8GB/HDD 256GB SSD/WINDOWS 10 PRO/12.5 FHD,nan,Almacenamiento no especificado,Intel Core i5,8 GB,649000,MPM00005270168
323,LENOVO THINKBOOK 13S CORE™I5-8265U 256GB SSD 8GB 13.3' (1920X1080) WIN10 PROFESIONAL,nan,Almacenamiento no especificado,Intel Core i5,8 GB,699000,MPM00011415520
324,LENOVO LEGION 5 INTEL CORE™ I7 10A GENERACIÓN 512GB SSD 16GB 15.6' FHD NVIDIA® GTX 1650TI,nan,512 GB SSD,Intel Core i7,16 GB,1189000,MPM00017543920
325,MSI GF65 THIN GAMING CORE™ I7 512GB SSD 32GB RAM 15.6 WIN10 NVIDIA GEFORCE GTX 1660 TI 6GB.,nan,512 GB SSD,Intel Core i7,32 GB,1339000,MPM00015353173
326,NOTEBOK GAMER ASUS ROG STRIX I7-10750 16GB 1TB PCIE SSD NVIDIA RTX 2070,nan,1 TB SSD,Intel Core i7,16 GB,1799990,MPM00016416098
327,NOTEBOOK GAMER ASUS ROG ZEPHYRUS G15 AMD RYZEN 9 4900HS 16GB RAM SSD 1TB,nan,1 TB SSD,AMD Ryzen,16 GB,1849990,MPM00016416390
328,LENOVO FLEX14' 2-IN-1 TOUCHSCREEN AMD RYZEN 7 14 FHD 1080P 8GB RAM 512GB SSD FINGERPRINT WIN 10,nan,Almacenamiento no especificado,Procesador no especificado,Memoria Ram no especificada,699000,MPM00015353206
329,"NOTEBOOK HP 240 G7, I3-1005G1, 4GB, 1TB, 14 WIN10",nan,Almacenamiento no especificado,Procesador no especificado,Memoria Ram no especificada,449990,2366664
330,NOTEBOOK LENOVO THINKPAD T440P 14' INTEL CORE I7 8GB 500GB WIN10 REACONDICIONADO GRADO A,nan,Almacenamiento no especificado,Procesador no especificado,Memoria Ram no especificada,499000,MPM00028110872
331,HP PAVILION GAMING LAPTOP 15-DK0014LA/INTEL CORE I5/20GB MEMORIA(16GB INT OPTANE+4GB RAM)/256GB SSD/NVIDIA GEFORCE GTX 1050/15.6,nan,256 GB SSD,Intel Core i5,4 GB,799990,2000378488460P
332,"HP PAVILION X360 CONVERTIBLE 14-DH1008LA / INTEL® CORE™ I7 / 8GB RAM / 256GB SSD / INTEL UHD GRAFICS / 14"" FHD",nan,256 GB SSD,Intel Core i7,8 GB,849990,2000379735716
333,HP PROBOOK 450 440 445 455 470 G0 G1 NOTEBOOK FP06,nan,Almacenamiento no especificado,Procesador no especificado,Memoria Ram no especificada,56900,MPM00012599680
334,"NOTEBOOK LENOVO IDEAPAD FLEX 5 14ITL05 PENTIUM 7505, 4GB, 128GB SSD, 14 FHD, W10P",nan,128 GB,Intel Pentium,4 GB,369990,MPM00028871840
335,"LAPTOP LENOVO IDEAPAD L3, INTEL PENTIUM GOLD 6405U, 4 GB, 500 GB HDD, 15.6 HD, W10P",nan,Almacenamiento no especificado,Procesador no especificado,Memoria Ram no especificada,349990,MPM00028715986
336,"NOTEBOOK LENOVO THINKBOOK 13S I7-10510U, 16GB, SSD 512GB 13.3 W10P",nan,Almacenamiento no especificado,Procesador no especificado,Memoria Ram no especificada,899990,MPM00028715994
337,NOTEBOOK HP 240 G7 WINDOW 10H 512GB INTEL CELERON N4020 + MOCHILA REGALO,nan,Almacenamiento no especificado,Procesador no especificado,Memoria Ram no especificada,399990,MPM00030240326
338,"NOTEBOOK BMAX S13A INTEL N3350, 8GB, 128GB SSD, WIN10, FHD 13.3'",nan,Almacenamiento no especificado,Procesador no especificado,Memoria Ram no especificada,299990,MPM00024810816
339,NOTEBK LENOVO 14-IML I7-10510U 16GB 512GB WIN10HOME,nan,512 GB,Intel Core i7,16 GB,919900,MPM00028520588
340,"NOTEBOOK DELL REACONDICIONADO INSPIRON HD LAPTOP 15,6'/ I3",nan,Almacenamiento no especificado,Procesador no especificado,Memoria Ram no especificada,499990,MPM00023468590
341,NOTEBOOK HP 240 G7 INTEL CORE I3-1005G1/ 4GB/ RAM 1TB/ HDD 14'/ SIN SISTEMA OPERATIVO,nan,1 TB,Intel Core i3,4 GB,449990,MPM00011650066
342,NOTEBOOK DELL LATITUDE 7389 13” TOUCHSCREEN INTEL CORE I5 8GB 256GB SSD SIN WEBCAM WIN 10 PRO REACONDICIONADO GRADO A,nan,Almacenamiento no especificado,Procesador no especificado,Memoria Ram no especificada,665990,MPM00029535334
343,NOTEBOOK DELL LATITUDE E5470 INTEL CORE I5 16GB 256GB SSD WIN10 REACONDICIONADO GRADO A,nan,Almacenamiento no especificado,Procesador no especificado,Memoria Ram no especificada,619990,MPM00029535376
344,"NOTEBOOK LENOVO THINKPAD T490, I7 8565U, RAM 16GB, 512GB SSD, 14.0, W10P",nan,512 GB,Intel Core i7,16 GB,999990,MPM00028719594
345,NOTEBOOK GEAR LOTUS 14 FHD CELERON N3350 4GB 128GB SSD WINDOWS 10 DARK GRAY,nan,Almacenamiento no especificado,Procesador no especificado,Memoria Ram no especificada,299990,MPM00028878976
346,"NOTEBOOK DELL 5500 I7-10750H, RAM 8GB, SSD 512GB, LED 15.6', GTX 1650TI, W10H",nan,512 GB SSD,AMD Ryzen™ 7,8 GB,1249990,MPM00019004422
347,NOTEBOOK DELL LATITUDE E5450 INTEL CORE I5 5TA GEN 8GB 240GB SSD WEBCAM WIN10 REACONDICIONADO GRADO A,nan,Almacenamiento no especificado,Procesador no especificado,Memoria Ram no especificada,469000,MPM00020723064
348,HP PROBOOK 645 G4 RYZEN 7 PRO 500GB 8GB VIDEO RX VEGA 14”HD WIN10 PRO,nan,Almacenamiento no especificado,Procesador no especificado,Memoria Ram no especificada,649000,MPM00012484286
349,LENOVO LEGION Y545 GAMING CORE™ I7 1TB+256GB SSD 16GB 15.6' 144HZ NVIDIA® GTX 1660TI 6144MB,nan,Almacenamiento no especificado,Procesador no especificado,Memoria Ram no especificada,1299000,MPM00015353152
350,LENOVO THINKBOOK 14 IIL INTEL CORE™ I7 10A GENERACION 512GB SSD 8GB 14” FHD LECTOR HUELLAS WIN 10 PRO,nan,Almacenamiento no especificado,Procesador no especificado,8 GB,999000,MPM00011620364
351,ACER ASPIRE 5 A515 15.6' HD TOUCHSCREEN INTEL CORE I5-1035G1 8GB RAM 256GB PCIE SSD WINDOWS 10,nan,Almacenamiento no especificado,Procesador no especificado,Memoria Ram no especificada,599000,MPM00021880566
352,HP ELITEBOOK 820-G3 /INTEL CORE I5/ RAM8GB/HDD 256GB SSD/WINDOWS 10 PRO/12.5 FHD,nan,Almacenamiento no especificado,Intel Core i5,8 GB,649000,MPM00005270168
353,LENOVO THINKBOOK 13S CORE™I5-8265U 256GB SSD 8GB 13.3' (1920X1080) WIN10 PROFESIONAL,nan,Almacenamiento no especificado,Intel Core i5,8 GB,699000,MPM00011415520
354,LENOVO LEGION 5 INTEL CORE™ I7 10A GENERACIÓN 512GB SSD 16GB 15.6' FHD NVIDIA® GTX 1650TI,nan,512 GB SSD,Intel Core i7,16 GB,1189000,MPM00017543920
355,MSI GF65 THIN GAMING CORE™ I7 512GB SSD 32GB RAM 15.6 WIN10 NVIDIA GEFORCE GTX 1660 TI 6GB.,nan,512 GB SSD,Intel Core i7,32 GB,1339000,MPM00015353173
356,NOTEBOK GAMER ASUS ROG STRIX I7-10750 16GB 1TB PCIE SSD NVIDIA RTX 2070,nan,1 TB SSD,Intel Core i7,16 GB,1799990,MPM00016416098
357,NOTEBOOK GAMER ASUS ROG ZEPHYRUS G15 AMD RYZEN 9 4900HS 16GB RAM SSD 1TB,nan,1 TB SSD,AMD Ryzen,16 GB,1849990,MPM00016416390
358,LENOVO FLEX14' 2-IN-1 TOUCHSCREEN AMD RYZEN 7 14 FHD 1080P 8GB RAM 512GB SSD FINGERPRINT WIN 10,nan,Almacenamiento no especificado,Procesador no especificado,Memoria Ram no especificada,699000,MPM00015353206
359,"TUF Gaming F15 FX506LH-HN110T Intel Core i5 8GB RAM 512GB SSD NVIDIA GeForce GTX 1650 15.6"" 144Hz",nan,512GB,INTEL CORE I5,8GB,789990,15059525
360,"Notebook Gamer Nitro 5 AN515-55-56P2-1 Intel Core i5 12GB RAM 512 GB SSD NVIDIA GeForce GTX 1650 15.6""",nan,512GB,INTEL CORE I5,12GB,799990,15016083
361,"Pavilion Gaming 15-DK1044LA Intel Core i5 8GB RAM 512GB SSD NVIDIA GTX 1660Ti 15.6"" 60 Hz",nan,512GB,INTEL CORE I5,8GB,789990,15261226
362,"Notebook Gamer Legion 5 AMD Ryzen 5 5600, 16GB RAM, 1TB SSD, 6GB NVIDIA GeForce RTX 3060, 15.6"" FHD",nan,1TB,AMD RYZEN R5,16GB,1269990,15160163
363,"Notebook TUF Gaming A15 FA506QM-HN023T AMD Ryzen R7 16GB RAM 512Gb SSD NVIDIA GeForce RTX 3060 15.6""",nan,512GB,AMD RYZEN R7,16GB,1299990,15059492
364,"TUF Gaming F15 FX506LH-HN155T Intel Core i7 8GB RAM 512GB SSD NVIDIA GeForce GTX 1650 15.6""",nan,512GB,INTEL CORE I7,8GB,999990,15219714
365,"Notebooks Gamer AN515 AMD Ryzen R5 3550H 12GB RAM 1TB HDD + 128GB SSD GeForce® GTX 1650 15.6""",nan,128GB,AMD RYZEN R5,12GB,749990,11135800
366,"Notebook HP Pavilion Gaming 15-dk1028la Intel Core i5 8GB RAM 256GB SSD NVIDIA GTX 1050 15.6"" 60 Hz",nan,256GB,INTEL CORE I5,8GB,729990,15331812
367,"ROG Strix G15 G513QM-HF276T AMD Ryzen 9 16GB RAM 512GB SSD NVIDIA GeForce RTX 3060 15.6""",nan,512GB,AMD RYZEN 9,16GB,1559990,15219747
368,"Pavilion Gaming 15-DK1043LA Intel Core i5 8GB RAM 512GB SSD NVIDIA GTX 1650Ti 15.6"" 60 Hz",nan,512GB,INTEL CORE I5,8GB,969990,15261225
369,"Notebook Pavilion Gaming Intel Core i5-10300H 8GB RAM + 32GB Intel Optane 512GB SSD NVIDIA GeForce GTX 1650 16.1""",nan,512GB,INTEL CORE I5,8GB,799990,14449258
370,"ROG Zephyrus G14 GA401QM-K2120T AMD Ryzen 9 16GB RAM 1TB SSD NVIDIA GeForce RTX 3060 14""",nan,1TB,AMD RYZEN 9,16GB,1899990,15220657
371,"Notebook Legion 5i Intel Core i7-10750H 8GB RAM 1TB HDD + 128GB SSD Nvidia Geforce GTX1660TI 15"" 144HZ WiFi6",nan,128GB,INTEL CORE I7,8GB,1199990,11235824
372,"Alienware NB 15 m15 R3 Intel Core i7 16GB RAM 512GB SSD NVIDIA® GeForce RTX¿ 2070 15.6""",nan,512GB,INTEL CORE I7,16GB,2049990,15261223
373,"Notebook Gamer OMEN Intel Core i5 8GB RAM + 32GB Intel Optane 512GB SSD NVIDIA GeForce RTX 2060 15.6""",nan,512GB,INTEL CORE I5,8GB,1299990,14449248
374,"Notebook ROG Flow X13 GV301QH-K6291T AMD Ryzen 9 16GB RAM 1TB SSD NVIDIA GeForce GTX 1650 13.3""",nan,1TB,AMD RYZEN 9,16GB,2699990,14954807
375,"Alienware NB 15 m15 R3 Intel Core i7 16GB RAM 512GB SSD NVIDIA® GeForce RTX¿ 2060 15.6""",nan,512GB,INTEL CORE I7,16GB,1949990,15261222
376,Notebook Legion 7i Intel Core i7-10750H 32GB RAM 1TB SSD Nvidia Geforce RTX2080 Super Max-Q 240HZ,nan,1TB,INTEL CORE I7,32GB,2519990,11236440
377,"Notebook ROG Flow X13 GV301QH-K6092T AMD Ryzen 7 16GB RAM 512GB SSD NVIDIA GeForce GTX 1650 13.3""",nan,512GB,AMD RYZEN R7,16GB,1299990,14954804
378,"Katana GF76 11UD Intel Core i7 16GB RAM 512GB SSD NVIDIA® GeForce RTX¿ 3050 Ti 4GB 17.3"" 144 Hz",nan,512GB,INTEL CORE I7,16GB,1499990,15320552
379,Notebook V145-14AST A4-9125 4Gb 500Gb 14 W10H,nan,NO APLICA,AMD A4,4GB,399990,15360016
380,"ROG Zephyrus Duo 15 SE GX551QS-HB261T AMD Ryzen 9 32GB RAM 2TB SSD NVIDIA GeForce RTX 3080 15.6"" 120Hz",nan,2TB,AMD RYZEN 9,32GB,3999990,15402356
381,Notebook Gamer 15-EK0008 Intel Core i7-10750H 32GB RAM + 32 Intel Optane 512GB SSD NVIDIA GeForce RTX 2070 144Hz,nan,512GB,INTEL CORE I7,32GB,1899990,13781047
382,"Notebook Gamer Legion 5i Intel Core i5-10300H 16GB 1TB HDD + 128GB SSD NVIDIA Geforce RTX2060 15"" 144HZ",nan,128GB,INTEL CORE I5,16GB,1199990,11235697
383,"Notebook Gamer ROG Zephyrus G14 GA401 AMD Ryzen 9 4900HS 16GB RAM 1TB SSD NVIDIA GeForce RTX 2060 with Max-Q Design 14""",nan,1TB,AMD RYZEN 9,16GB,1499990,11478673
384,Legion Slim 7i Core i7 10 Gen 16GB 512SSD GTX1660,nan,512GB,INTEL CORE I7,16GB,1499990,14984188
385,"Notebook Ideapad Gaming 3i Intel Core i5 8GB RAM 1TB NVIDIA GeForce GTX 1650 4GB GDDR6 15.6""",nan,NO APLICA,INTEL CORE I5,8GB,779990,14949119
386,"Notebook ROG Zephyrus Duo 15 GX551 SE AMD Ryzen 9 2TB SSD 32GB RAM NVIDIA GeForce RTX 3080 15.6"" 120Hz",nan,2TB,AMD RYZEN 9,32GB,3699990,14921855
387,"Notebook Gamer OMEN Intel Core Intel Core i7-10750H 16GB RAM + 32GB Intel Optane 512GB SSD NVIDIA GeForce RTX 2070 15.6""",nan,512GB,INTEL CORE I7,16GB,1799990,14550700
388,Notebook Legion 7i Intel Core i7 16GB RAM 512GB SSD Nvidia Geforce RTX2070 Max-Q 240HZ,nan,512GB,INTEL CORE I7,16GB,1819990,11235938
389,"Notebook Gamer Nitro 5 AMD Ryzen 7 12GB RAM 1TB HDD + 128GB SSD NVIDIA GeForce GTX1650 15.6""",nan,128GB,AMD RYZEN R7,12GB,929990,13766448
390,"Notebook Intel Core i7-9750H 16GB RAM + 32GB Intel Optane 512GB SSD NVIDIA GeForce RTX 2080 15.6""",nan,512GB,INTEL CORE I7,16GB,1599990,8116897
391,"Notebook Gamer Intel Core i7-10750H 12GB RAM 512GB SSD NVIDIA GeForce RTX 2060 16""",nan,512GB,INTEL CORE I7,12GB,1399990,14624679
392,Notebook HP Pavilion x360 Convertible 14-dy0501la,4E8P3LA,Unidad de estado sólido PCIe® NVMe™ M.2 de 256 GB,"Intel® Core™ i3-1125G4 (hasta 3,7 GHz con tecnología Intel® Turbo Boost, 8 MB de caché L3, 4 núcleos, 8 subprocesos)",8 GB de RAM DDR4-3200 MHz (2 x 4 GB),679990,
393,Notebook HP Pavilion Gaming 15-dk1033la,309F1LA,Unidad de estado sólido Intel® PCIe® NVMe™ M.2 de 256 GB,"Intel® Core™ i5-10300H (frecuencia base de 2,5 GHz, hasta 4,5 GHz con tecnología Intel® Turbo Boost, 8 MB de caché L3 y 4 núcleos)",8 GB de RAM DDR4-2933 MHz (1 x 8 GB),899990,
394,Notebook HP 348 G7,2E4U1LT,Disco duro SATA de 1 TB y 5400 RPM,Intel® Core™ i3-10110U,4 GB de RAM DDR4-2666 (1 x 4 GB),529990,
395,Notebook HP 14-dq2026la,3V8J8LA,Unidad de estado sólido Intel® PCIe® NVMe™ M.2 de 256 GB,"Intel® Core™ i3-1115G4 (hasta 4,1 GHz con tecnología Intel® Turbo Boost, 6 MB de caché L3 y 2 núcleos)",4 GB de RAM DDR4-3200 MHz (1 x 4 GB),499990,
396,Notebook HP 15-ef1015la,310J5LA,Unidad de estado sólido PCIe® NVMe™ M.2 de 256 GB,"AMD Ryzen™ 3 4300U (velocidad base de 2,7 GHz, velocidad de ráfaga máxima de hasta 3,7 GHz, 4 MB de caché L3 y 4 núcleos)",4 GB de RAM DDR4-2666 MHz (1 x 4 GB),479990,
397,Notebook HP Pavilion x360 Convertible 14-dy0002la,3A9V1LA,Unidad de estado sólido PCIe® NVMe™ M.2 de 256 GB,"Intel® Pentium Gold 7505 (hasta 3,5 GHz con tecnología Intel® Turbo Boost, 4 MB de caché L3, 2 núcleos)",4 GB de RAM DDR4-3200 MHz (1 x 4 GB),499990,
398,Notebook HP 250 G8,2P5L7LT,Disco duro SATA de 1 TB y 5400 RPM,"Intel® Core™ i3-1005G1 (frecuencia base de 1,2 GHz, hasta 3,4 GHz con tecnología Intel® Turbo Boost, 4 MB de caché L3 y 2 núcleos)",4 GB de RAM DDR4-2666 MHz (1 x 4 GB),539990,
399,Notebook HP Pavilion Gaming 15-dk1043la,3Y7A8LA,Unidad de estado sólido M.2 PCIe® NVMe™ de 512 GB,"Intel® Core™ i5-10300H (frecuencia base de 2,5 GHz, hasta 4,5 GHz con tecnología Intel® Turbo Boost, 8 MB de caché L3 y 4 núcleos)",8 GB de RAM DDR4-2933 MHz (1 x 8 GB),949990,
400,Notebook HP 348 G7,2Q0D2LT,Disco duro SATA de 1 TB y 5400 RPM,"Intel® Core™ i5-10210U (frecuencia base de 1,6 GHz, hasta 4,2 GHz con tecnología Intel® Turbo Boost, 6 MB de caché L3 y 4 núcleos)",4 GB de RAM DDR4-2666 MHz (1 x 4 GB),639990,
401,Notebook HP Pavilion Gaming 15-dk1037la,309F7LA,Unidad de estado sólido M.2 PCIe® NVMe™ de 128 GB,"Intel® Core™ i7-10750H (frecuencia base de 2,6 GHz, hasta 5,0 GHz con tecnología Intel® Turbo Boost, 12 MB de caché L3 y 6 núcleos)",16 GB de RAM DDR4-2933 MHz (1 x 16 GB),1119990,
402,Notebook HP 240 G7,1D0F5LT,"SATA de 500 GB, 5400 rpm","Intel® Celeron® N4020 con gráficos Intel® UHD 600 (frecuencia base de 1,1 GHz, frecuencia de ráfaga de hasta 2,8 GHz, 4 MB de caché y 2 núcleos)",4 GB de RAM DDR4-2400 MHz (1 x 4 GB),299990,
403,Notebook HP ZBook Firefly G8,3C9C7LA,Unidad de estado sólido PCIe® NVMe™ TLC M.2 de 512 GB,"Intel® Core™ i7-1165G7 (hasta 4,7 GHz con tecnología Intel® Turbo Boost, 12 MB de caché L3 y 4 núcleos)",16 GB de RAM DDR4-3200 MHz (1 x 16 GB),Precio no especificado,
404,Notebook HP Pavilion 13-bb0004la,310D8LA,Unidad de estado sólido PCIe® NVMe™ M.2 de 256 GB,"Intel® Core™ i7-1165G7 (hasta 4,7 GHz con tecnología Intel® Turbo Boost, 12 MB de caché L3 y 4 núcleos)",8 GB de RAM DDR4-3200 MHz (integrada),Precio no especificado,
405,Notebook OMEN 15-ek0062la,1M1L9LA,Unidad de estado sólido Intel® de 512 GB,"Intel® Core™ i7-10750H (frecuencia base de 2,6 GHz, hasta 5,0 GHz con tecnología Intel® Turbo Boost, 12 MB de caché L3 y 6 núcleos)",8 GB de SDRAM DDR4-2933 (1 x 8 GB),Precio no especificado,
406,Notebook HP Spectre x360 Convertible 14-ea0001la,30A09LA,Unidad de estado sólido Intel® PCIe® NVMe™ M.2 de 512 GB,"Intel® Core™ i7-1165G7 (hasta 4,7 GHz con tecnología Intel® Turbo Boost, 12 MB de caché L3 y 4 núcleos)",RAM LPDDR4x-3733 MHz de 16 GB (incorporada),Precio no especificado,
407,Notebook HP Pavilion Gaming - 15-dk1028la,10G81LA,Unidad de estado sólido Intel® de 256 GB,"Intel® Core™ i5-10300H (frecuencia base de 2,5 GHz, hasta 4,5 GHz con tecnología Intel® Turbo Boost, 8 MB de caché L3 y 4 núcleos)",8 GB de SDRAM DDR4-2933 (1 x 8 GB),Precio no especificado,
408,Notebook HP 14-cf2053la,299P9LA,Unidad de estado sólido M.2 PCIe® NVMe™ de 512 GB,"Intel® Core™ i3-10110U (frecuencia base de 2,1 GHz, hasta 4,1 GHz con tecnología Intel® Turbo Boost, 4 MB de caché L3 y 2 núcleos)",8 GB de RAM DDR4-2666 MHz (1 x 8 GB),Precio no especificado,
409,Notebook HP 15-da2031la,2M6J3LA,Disco duro SATA de 1 TB y 5400 RPM,"Intel® Core™ i5-10210U (frecuencia base de 1,6 GHz, hasta 4,2 GHz con tecnología Intel® Turbo Boost, 6 MB de caché L3 y 4 núcleos)",4 GB de RAM DDR4-2666 MHz (1 x 4 GB),Precio no especificado,
410,Notebook HP EliteBook x360 1040 G6,8GF48LT,SSD M.2 PCIe® NVMe™ de 512 GB,"Intel® Core™ i5-8265U con gráficos Intel® UHD 620 (frecuencia base de 1,6 GHz, hasta 3,9 GHz con tecnología Intel® Turbo Boost, 6 MB de caché y 4 núcleos)",RAM DDR4-2666 MHz de 8 GB (integrada),Precio no especificado,
411,Notebook HP ZBook Firefly 14 G7,30C56LA,Unidad de estado sólido PCIe® NVMe™ TLC M.2 de 512 GB,"Intel® Core™ i7-10510U (frecuencia base de 1,8 GHz, hasta 4,9 GHz con tecnología Intel® Turbo Boost, 8 MB de caché L3 y 4 núcleos)",RAM DDR4-2666 MHz de 16 GB (incorporada),Precio no especificado,
412,Notebook HP ZBook Firefly 14 G7,30C55LA,Unidad de estado sólido PCIe® NVMe™ TLC M.2 de 512 GB,"Intel® Core™ i5-10210U (frecuencia base de 1,6 GHz, hasta 4,2 GHz con tecnología Intel® Turbo Boost, 6 MB de caché L3 y 4 núcleos)",16 GB de RAM DDR4-2666 MHz (1 x 16 GB),Precio no especificado,
413,Notebook HP 14-ck2096la,2C3C5LA,Disco duro SATA de 500 GB y 5400 rpm,"Intel® Celeron® N4020 (frecuencia base de 1,1 GHz, frecuencia de ráfaga de hasta 2,8 GHz, 4 MB de caché L2 y 2 núcleos)",4 GB de RAM DDR4-2400 MHz (1 x 4 GB),Precio no especificado,
414,Notebook HP 15-dw2039la,1A6E9LA,Disco duro SATA de 1 TB y 5400 RPM,"Intel® Core™ i7-1065G7 (frecuencia base de 1,3 GHz, hasta 3,9 GHz con tecnología Intel® Turbo Boost, 8 MB de caché, 4 núcleos)",8 GB de SDRAM DDR4-2666 (1 x 8 GB),Precio no especificado,
415,Notebook HP 15-dy1064la,6QW58LA,Unidad de estado sólido Intel® de 256 GB,"Intel® Core™ i5-1035G1 (frecuencia base de 1,0 GHz, hasta 3,6 GHz con tecnología Intel® Turbo Boost, 6 MB de caché, 4 núcleos)",SDRAM DDR4-2666 de 8 GB (1 x 8 GB),Precio no especificado,
416,Notebook HP Pavilion x360 Convertible 15-dq1003la,2B129LA,Unidad de estado sólido M.2 de 128 GB,"Intel® Core™ i5-10210U (frecuencia base de 1,6 GHz, base de hasta 4,2 GHz con tecnología Intel® Turbo Boost, 6 MB de caché y 4 núcleos)",8 GB de SDRAM DDR4-2666 (1 x 8 GB),Precio no especificado,
417,Notebook HP 14-ck2091la,275K1LA,Unidad de estado sólido SATA M.2 de 128 GB,"Intel® Core™ i3-10110U (frecuencia base de 2,1 GHz, hasta 4,1 GHz con tecnología Intel® Turbo Boost, 4 MB de caché L3 y 2 núcleos)",4 GB de RAM DDR4-2666 MHz (1 x 4 GB),Precio no especificado,
418,Notebook HP ENVY 13-ba1124la,2K6V7LA,Unidad de estado sólido Intel® PCIe® NVMe™ M.2 de 512 GB,Procesador no especificado,RAM DDR4-2666 MHz de 8 GB (integrada),Precio no especificado,
419,Notebook HP ZBook Power G7,2S4Y8LA,Unidad de estado sólido PCIe® NVMe™ TLC M.2 de 1 TB,"Intel® Core™ i9-10885H (frecuencia base de 2,4 GHz, hasta 5,3 GHz con tecnología Intel® Turbo Boost, 16 MB de caché L3 y 8 núcleos)",16 GB de RAM DDR4-3200 MHz (1 x 16 GB),Precio no especificado,
420,Notebook HP Pavilion x360 Convertible 14-dh1032la,275K7LA,Unidad de estado sólido PCIe® NVMe™ M.2 de 256 GB,"Intel® Core™ i3-10110U (frecuencia base de 2,1 GHz, hasta 4,1 GHz con tecnología Intel® Turbo Boost, 4 MB de caché L3 y 2 núcleos)",4 GB de RAM DDR4-2666 MHz (1 x 4 GB),Precio no especificado,
421,Notebook HP 15-da2034la,2M6M1LA,Disco duro SATA de 1 TB y 5400 RPM,"Intel® Pentium® Gold 6405U (frecuencia base de 2,4 GHz, 2 MB de caché L3, 2 núcleos)",8 GB de RAM DDR4-2666 MHz (1 x 8 GB),Precio no especificado,
422,Notebook HP 14-cf3028la,171V1LA,Disco duro SATA de 1 TB y 5400 RPM,"Intel® Core™ i5-1035G1 (frecuencia base de 1,0 GHz, hasta 3,6 GHz con tecnología Intel® Turbo Boost, 6 MB de caché L3 y 4 núcleos)",4 GB de SDRAM DDR4-2666 (1 x 4 GB),Precio no especificado,
423,Notebook HP 14-cf2087la,310H3LA,Unidad de estado sólido SATA M.2 de 128 GB,"Intel® Celeron® N4020 (frecuencia base de 1,1 GHz, frecuencia de ráfaga de hasta 2,8 GHz, 4 MB de caché L2 y 2 núcleos)",4 GB de RAM DDR4-2400 MHz (1 x 4 GB),Precio no especificado,
424,Notebook HP Pavilion x360 Convertible 14-dw0005la,8VV69LA,Unidad de estado sólido M.2 PCIe® NVMe™ de 512 GB,"Intel® Core™ i7-1065G7 (frecuencia base de 1,3 GHz, hasta 3,9 GHz con tecnología Intel® Turbo Boost, 8 MB de caché L3 y 4 núcleos)",8 GB de SDRAM DDR4-3200 (1 x 8 GB),Precio no especificado,
425,Notebook HP Pavilion 14-dv0001la,30A61LA,Unidad de estado sólido Intel® PCIe® NVMe™ M.2 de 512 GB,"Intel® Core™ i5-1135G7 (hasta 4,2 GHz con tecnología Intel® Turbo Boost, 8 MB de caché L3 y 4 núcleos)",8 GB de RAM DDR4-3200 MHz (2 x 4 GB),Precio no especificado,
426,Notebook HP ENVY 13-ba1123la,2K6T1LA,Unidad de estado sólido PCIe® NVMe™ M.2 de 256 GB,"Intel® Core™ i5-1135G7 (hasta 4,2 GHz con tecnología Intel® Turbo Boost, 8 MB de caché L3 y 4 núcleos)",RAM DDR4-2666 MHz de 8 GB (integrada),Precio no especificado,
427,Notebook HP 14-dq1016la,9UV94LA,Unidad de estado sólido PCIe® NVMe™ M.2 de 256 GB,"Intel® Core™ i3-1005G1 (frecuencia base de 1,2 GHz, hasta 3,4 GHz con tecnología Intel® Turbo Boost, 4 MB de caché, 2 núcleos)","12 GB de SDRAM DDR4-2666 (1 x 4 GB, 1 x 8 GB)",Precio no especificado,
428,Notebook HP 15-dw2043la,9UV60LA,Unidad de estado sólido PCIe® NVMe™ M.2 de 256 GB,"Intel® Core™ i5-1035G1 (frecuencia base de 1,0 GHz, hasta 3,6 GHz con tecnología Intel® Turbo Boost, 6 MB de caché, 4 núcleos)",8 GB de SDRAM DDR4-2666 (1 x 8 GB),Precio no especificado,
429,Notebook HP Pavilion 14-dv0005la,310G1LA,Unidad de estado sólido Intel® de 256 GB,"Intel® Core™ i5-1135G7 (hasta 4,2 GHz con tecnología Intel® Turbo Boost, 8 MB de caché L3 y 4 núcleos)",8 GB de RAM DDR4-3200 MHz (1 x 8 GB),Precio no especificado,
430,Notebook HP Pavilion 14-dv0002la,309B1LA,Unidad de estado sólido (SSD) PCIe® NVMe™ M.2 de 1 TB,"Intel® Core™ i7-1165G7 (hasta 4,7 GHz con tecnología Intel® Turbo Boost, 12 MB de caché L3 y 4 núcleos)",16 GB de RAM DDR4-3200 MHz (1 x 16 GB),Precio no especificado,
431,Notebook HP 240 G7,151D7LT,SATA de 1 TB y 5400 rpm,"Intel® Core™ i3-1005G1 (frecuencia base de 1,2 GHz, hasta 3,4 GHz con tecnología Intel® Turbo Boost, 4 MB de caché L3 y 2 núcleos)",4 GB de RAM DDR4-2666 MHz (1 x 4 GB),Precio no especificado,
432,Notebook HP 15-dw1064la,2A4R3LA,Unidad de estado sólido SATA 3 TLC M.2 de 128 GB,"Intel® Core™ i7-10510U (frecuencia base de 1,8 GHz, hasta 4,9 GHz con tecnología Intel® Turbo Boost, 8 MB de caché L3 y 4 núcleos)","12 GB de RAM DDR4-2666 MHz (1 x 4 GB, 1 x 8 GB)",Precio no especificado,
433,Notebook HP 14-cf2052la,299P8LA,Unidad de estado sólido PCIe® NVMe™ M.2 de 256 GB,"Intel® Core™ i3-10110U (frecuencia base de 2,1 GHz, hasta 4,1 GHz con tecnología Intel® Turbo Boost, 4 MB de caché L3 y 2 núcleos)",8 GB de RAM DDR4-2666 MHz (1 x 8 GB),Precio no especificado,
434,Notebook HP 15-da1093la,18K56LA,Unidad de estado sólido M.2 de 256 GB,"Intel® Pentium® Gold 5405U (frecuencia base de 2,3 GHz, 2 MB de caché y 2 núcleos)",RAM DDR4-2133 MHz de 8 GB (1 x 8 GB),Precio no especificado,
435,Notebook HP Pavilion Gaming 16-a0004la,190G0LA,Unidad de estado sólido M.2 PCIe® NVMe™ de 512 GB,"Intel® Core™ i7-10750H (frecuencia base de 2,6 GHz, hasta 5,0 GHz con tecnología Intel® Turbo Boost, 12 MB de caché L3 y 6 núcleos)","12 GB de SDRAM DDR4-2933 (1 x 4 GB, 1 x 8 GB)",Precio no especificado,
436,Notebook HP 14-cf2051la,299P5LA,Unidad de estado sólido Intel® PCIe® NVMe™ M.2 de 256 GB,"Intel® Core™ i3-10110U (frecuencia base de 2,1 GHz, hasta 4,1 GHz con tecnología Intel® Turbo Boost, 4 MB de caché L3 y 2 núcleos)",4 GB de RAM DDR4-2666 MHz (1 x 4 GB),Precio no especificado,
437,Notebook HP Pavilion x360 Convertible 14-dw0002la,8VV66LA,Unidad de estado sólido Intel® de 256 GB,"Intel® Core™ i5-1035G1 (frecuencia base de 1,0 GHz, hasta 3,6 GHz con tecnología Intel® Turbo Boost, 6 MB de caché L3 y 4 núcleos)",8 GB de SDRAM DDR4-3200 (1 x 8 GB),Precio no especificado,
438,Notebook HP 15-dw1051la,2A4P8LA,Unidad de estado sólido PCIe® NVMe™ M.2 de 256 GB,"Intel® Core™ i5-10210U (frecuencia base de 1,6 GHz, hasta 4,2 GHz con tecnología Intel® Turbo Boost, 6 MB de caché L3 y 4 núcleos)",8 GB de RAM DDR4-2666 MHz (1 x 8 GB),Precio no especificado,
439,Notebook HP 15-da1094la,18K57LA,Disco duro SATA de 500 GB y 5400 rpm,"Intel® Pentium® Gold 5405U (frecuencia base de 2,3 GHz, 2 MB de caché y 2 núcleos)",4 GB de RAM DDR4-2133 MHz (1 x 4 GB),Precio no especificado,
440,Notebook HP 15-da0083la,9UV28LA,Disco duro SATA de 1 TB y 5400 RPM,"Intel® Pentium® Silver N5000 (frecuencia base de 1,1 GHz, frecuencia de ráfaga de hasta 2,7 GHz, 4 MB de caché L2 y 4 núcleos)",8 GB de RAM DDR4-2400 MHz (1 x 8 GB),Precio no especificado,
441,Notebook HP 240 G7,151D9LT,SATA de 1 TB y 5400 rpm,"Procesador Intel® Core™ i5-1035G1 con gráficos Intel® UHD (frecuencia base de 1 GHz, hasta 3,6 GHz con tecnología Intel® Turbo Boost, 6 MB de caché y 4 núcleos)",4 GB de RAM DDR4-2666 MHz (1 x 4 GB),Precio no especificado,
442,Notebook HP Pavilion 13-an1016la,2B111LA,Unidad de estado sólido PCIe® NVMe™ M.2 de 256 GB,"Intel® Core™ i7-1065G7 (frecuencia base de 1,3 GHz, hasta 3,9 GHz con tecnología Intel® Turbo Boost, 8 MB de caché L3 y 4 núcleos)",8 GB de RAM DDR4-2400 MHz (integrada),Precio no especificado,
443,Notebook HP 240 G7 (27R70LT),27R70LT,Disco duro SATA de 500 GB y 5400 rpm,"Intel® Celeron® N4100 con gráficos Intel® UHD 600 (frecuencia base de 1,1 GHz, frecuencia de ráfaga de hasta 2,4 GHz, 4 MB de caché y 4 núcleos)",4 GB de SDRAM DDR4-2400 (1 x 4 GB),Precio no especificado,
444,Notebook HP 240 G7,151D5LT,SATA de 1 TB y 5400 rpm,"Intel® Core™ i3-1005G1 (frecuencia base de 1,2 GHz, hasta 3,4 GHz con tecnología Intel® Turbo Boost, 4 MB de caché L3 y 2 núcleos)",4 GB de RAM DDR4-2666 MHz (1 x 4 GB),Precio no especificado,
445,Notebook HP Pavilion Gaming 16-a0001la,165G0LA,Unidad de estado sólido Intel® de 512 GB,"Intel® Core™ i5-10300H (frecuencia base de 2,5 GHz, hasta 4,5 GHz con tecnología Intel® Turbo Boost, 8 MB de caché L3 y 4 núcleos)",8 GB de SDRAM DDR4-2933 (1 x 8 GB),Precio no especificado,
446,Notebook OMEN 15-ek0010la,15F21LA,Unidad de estado sólido Intel® de 512 GB,"Intel® Core™ i5-10300H (frecuencia base de 2,5 GHz, hasta 4,5 GHz con tecnología Intel® Turbo Boost, 8 MB de caché L3 y 4 núcleos)",8 GB de SDRAM DDR4-2933 (1 x 8 GB),Precio no especificado,
447,Notebook HP 250 G7,153B5LT,SATA de 1 TB y 5400 rpm,"Procesador Intel® Core™ i3-1005G1 con gráficos Intel® UHD (frecuencia base de 1,2 GHz, hasta 3,4 GHz con tecnología Intel® Turbo Boost, 4 MB de caché y 2 núcleos)",4 GB de RAM DDR4-2666 MHz (1 x 4 GB),Precio no especificado,
448,Notebook HP ENVY 15-ep0002la,2B132LA,Unidad de estado sólido Intel® de 512 GB,"Intel® Core™ i7-10750H (frecuencia base de 2,6 GHz, hasta 5,0 GHz con tecnología Intel® Turbo Boost, 12 MB de caché L3 y 6 núcleos)",16 GB de SDRAM DDR4-2933 (2 x 8 GB),Precio no especificado,
449,Notebook HP ENVY 15-ep0001la,2B131LA,Unidad de estado sólido Intel® de 512 GB,"Intel® Core™ i7-10750H (frecuencia base de 2,6 GHz, hasta 5,0 GHz con tecnología Intel® Turbo Boost, 12 MB de caché L3 y 6 núcleos)",16 GB de SDRAM DDR4-2933 (2 x 8 GB),Precio no especificado,
450,Notebook HP Spectre x360 Convertible 13-aw0004la,6QW79LA,Unidad de estado sólido Intel® de 512 GB,"Intel® Core™ i7-1065G7 (frecuencia base de 1,3 GHz, hasta 3,9 GHz con tecnología Intel® Turbo Boost, 8 MB de caché, 4 núcleos)",16 GB de SDRAM LPDDR4-3200 (incorporada),Precio no especificado,
451,Notebook HP 240 G7 (151F0LT),151F0LT,SATA de 1 TB y 5400 rpm,"Procesador Intel® Core™ i5-1035G1 con gráficos Intel® UHD (frecuencia base de 1 GHz, hasta 3,6 GHz con tecnología Intel® Turbo Boost, 6 MB de caché y 4 núcleos)",4 GB de RAM DDR4-2666 MHz (1 x 4 GB),Precio no especificado,
